timestamp,signal,order,fill_time,fill_price,slippage,latency_bars,position_before,position_after
2026-06-24T00:29:00+00:00,BUY,BUY,2026-06-24T00:30:00+00:00,62825.58193,6.281929999997374,1,0.0,0.001
2026-06-24T00:31:00+00:00,SELL,FLAT,2026-06-24T00:32:00+00:00,62778.22155,6.278449999997974,1,0.001,0.0
2026-06-24T00:40:00+00:00,BUY,BUY,2026-06-24T00:41:00+00:00,62977.19709,6.297090000000026,1,0.0,0.001
2026-06-24T01:05:00+00:00,SELL,FLAT,2026-06-24T01:06:00+00:00,62841.41523,6.284769999998389,1,0.001,0.0
2026-06-24T01:33:00+00:00,BUY,BUY,2026-06-24T01:34:00+00:00,63072.20659,6.306590000000142,1,0.0,0.001
2026-06-24T01:50:00+00:00,SELL,FLAT,2026-06-24T01:51:00+00:00,62966.50272,6.297279999998864,1,0.001,0.0
2026-06-24T02:53:00+00:00,BUY,BUY,2026-06-24T02:54:00+00:00,62688.86826,6.268259999997099,1,0.0,0.001
2026-06-24T02:56:00+00:00,SELL,FLAT,2026-06-24T02:57:00+00:00,62651.43423,6.265769999998156,1,0.001,0.0
2026-06-24T03:32:00+00:00,BUY,BUY,2026-06-24T03:33:00+00:00,62727.77215,6.272149999997055,1,0.0,0.001
2026-06-24T03:56:00+00:00,SELL,FLAT,2026-06-24T03:57:00+00:00,62718.92748,6.272519999998622,1,0.001,0.0
2026-06-24T04:37:00+00:00,BUY,BUY,2026-06-24T04:38:00+00:00,62663.36571,6.265709999999672,1,0.0,0.001
2026-06-24T05:53:00+00:00,SELL,FLAT,2026-06-24T05:54:00+00:00,62847.81459,6.285409999996773,1,0.001,0.0
2026-06-24T06:27:00+00:00,BUY,BUY,2026-06-24T06:28:00+00:00,62871.88656,6.286560000000463,1,0.0,0.001
2026-06-24T06:43:00+00:00,SELL,FLAT,2026-06-24T06:44:00+00:00,62789.7204,6.279600000001665,1,0.001,0.0
2026-06-24T07:19:00+00:00,BUY,BUY,2026-06-24T07:20:00+00:00,62722.2716,6.271600000000035,1,0.0,0.001
2026-06-24T07:20:00+00:00,SELL,FLAT,2026-06-24T07:21:00+00:00,62683.731,6.269000000000233,1,0.001,0.0
2026-06-24T07:24:00+00:00,BUY,BUY,2026-06-24T07:25:00+00:00,62704.66984,6.2698400000008405,1,0.0,0.001
2026-06-24T07:27:00+00:00,SELL,FLAT,2026-06-24T07:28:00+00:00,62680.23135,6.268649999998161,1,0.001,0.0
2026-06-24T08:19:00+00:00,BUY,BUY,2026-06-24T08:20:00+00:00,62627.46212,6.262119999999413,1,0.0,0.001
2026-06-24T09:05:00+00:00,SELL,FLAT,2026-06-24T09:06:00+00:00,62718.42753,6.272469999996247,1,0.001,0.0
2026-06-24T09:56:00+00:00,BUY,BUY,2026-06-24T09:57:00+00:00,62690.66844,6.268439999999828,1,0.0,0.001
2026-06-24T10:04:00+00:00,SELL,FLAT,2026-06-24T10:05:00+00:00,62593.74,6.260000000002037,1,0.001,0.0
2026-06-24T10:39:00+00:00,BUY,BUY,2026-06-24T10:40:00+00:00,62578.35721,6.257209999996121,1,0.0,0.001
2026-06-24T10:51:00+00:00,SELL,FLAT,2026-06-24T10:52:00+00:00,62449.154460000005,6.245539999996254,1,0.001,0.0
2026-06-24T11:31:00+00:00,BUY,BUY,2026-06-24T11:32:00+00:00,62446.04398,6.243979999999283,1,0.0,0.001
2026-06-24T12:09:00+00:00,SELL,FLAT,2026-06-24T12:10:00+00:00,62865.31284,6.287159999999858,1,0.001,0.0
2026-06-24T12:39:00+00:00,BUY,BUY,2026-06-24T12:40:00+00:00,62844.38381,6.283810000000813,1,0.0,0.001
2026-06-24T12:51:00+00:00,SELL,FLAT,2026-06-24T12:52:00+00:00,62593.83999,6.260009999998147,1,0.001,0.0
2026-06-24T14:33:00+00:00,BUY,BUY,2026-06-24T14:34:00+00:00,61241.42353,6.123529999997118,1,0.0,0.001
2026-06-24T14:45:00+00:00,SELL,FLAT,2026-06-24T14:46:00+00:00,61121.48724,6.112759999996342,1,0.001,0.0
2026-06-24T15:24:00+00:00,BUY,BUY,2026-06-24T15:25:00+00:00,60927.79216999999,6.092169999996258,1,0.0,0.001
2026-06-24T15:31:00+00:00,SELL,FLAT,2026-06-24T15:32:00+00:00,60720.22737,6.072630000002391,1,0.001,0.0
2026-06-24T16:14:00+00:00,BUY,BUY,2026-06-24T16:15:00+00:00,60498.24922,6.049220000000787,1,0.0,0.001
2026-06-24T16:37:00+00:00,SELL,FLAT,2026-06-24T16:38:00+00:00,60349.46445,6.035550000000512,1,0.001,0.0
2026-06-24T18:02:00+00:00,BUY,BUY,2026-06-24T18:03:00+00:00,59403.43975,5.93974999999773,1,0.0,0.001
2026-06-24T18:38:00+00:00,SELL,FLAT,2026-06-24T18:39:00+00:00,59530.54635,5.953649999995832,1,0.001,0.0
2026-06-24T19:01:00+00:00,BUY,BUY,2026-06-24T19:02:00+00:00,59597.45915,5.95915000000241,1,0.0,0.001
2026-06-24T19:23:00+00:00,SELL,FLAT,2026-06-24T19:24:00+00:00,59643.13509,5.964910000002419,1,0.001,0.0
2026-06-24T19:26:00+00:00,BUY,BUY,2026-06-24T19:27:00+00:00,59753.17472,5.974719999998342,1,0.0,0.001
2026-06-24T19:51:00+00:00,SELL,FLAT,2026-06-24T19:52:00+00:00,59855.41386,5.986140000000887,1,0.001,0.0
2026-06-24T19:55:00+00:00,BUY,BUY,2026-06-24T19:56:00+00:00,59826.88209,5.982089999997697,1,0.0,0.001
2026-06-24T21:05:00+00:00,SELL,FLAT,2026-06-24T21:06:00+00:00,60731.32626,6.073739999999816,1,0.001,0.0
2026-06-24T21:25:00+00:00,BUY,BUY,2026-06-24T21:26:00+00:00,60805.0799,6.0798999999969965,1,0.0,0.001
2026-06-24T22:15:00+00:00,SELL,FLAT,2026-06-24T22:16:00+00:00,60919.00749,6.092510000002221,1,0.001,0.0
2026-06-24T23:05:00+00:00,BUY,BUY,2026-06-24T23:06:00+00:00,60874.28682,6.086819999996806,1,0.0,0.001
2026-06-24T23:52:00+00:00,SELL,FLAT,2026-06-24T23:53:00+00:00,60922.40715,6.092850000000908,1,0.001,0.0
2026-06-24T23:57:00+00:00,BUY,BUY,2026-06-24T23:58:00+00:00,61088.50824,6.108240000001388,1,0.0,0.001
2026-06-25T00:20:00+00:00,SELL,FLAT,2026-06-25T00:21:00+00:00,60919.30746,6.092539999997825,1,0.001,0.0
2026-06-25T01:23:00+00:00,BUY,BUY,2026-06-25T01:24:00+00:00,60901.0895,6.089500000001863,1,0.0,0.001
2026-06-25T01:44:00+00:00,SELL,FLAT,2026-06-25T01:45:00+00:00,60788.32056,6.079440000001341,1,0.001,0.0
2026-06-25T01:52:00+00:00,BUY,BUY,2026-06-25T01:53:00+00:00,60937.39313,6.093130000001111,1,0.0,0.001
2026-06-25T02:10:00+00:00,SELL,FLAT,2026-06-25T02:11:00+00:00,60796.81971,6.080289999998058,1,0.001,0.0
2026-06-25T02:28:00+00:00,BUY,BUY,2026-06-25T02:29:00+00:00,60898.78927,6.089269999996759,1,0.0,0.001
2026-06-25T02:44:00+00:00,SELL,FLAT,2026-06-25T02:45:00+00:00,60726.726720000006,6.073279999996885,1,0.001,0.0
2026-06-25T03:06:00+00:00,BUY,BUY,2026-06-25T03:07:00+00:00,60738.373230000005,6.073230000001786,1,0.0,0.001
2026-06-25T03:17:00+00:00,SELL,FLAT,2026-06-25T03:18:00+00:00,60758.02359,6.076410000001488,1,0.001,0.0
2026-06-25T03:27:00+00:00,BUY,BUY,2026-06-25T03:28:00+00:00,60802.57965,6.079649999999674,1,0.0,0.001
2026-06-25T03:38:00+00:00,SELL,FLAT,2026-06-25T03:39:00+00:00,60738.325560000005,6.0744399999966845,1,0.001,0.0
2026-06-25T03:54:00+00:00,BUY,BUY,2026-06-25T03:55:00+00:00,60833.98279,6.0827900000003865,1,0.0,0.001
2026-06-25T04:15:00+00:00,SELL,FLAT,2026-06-25T04:16:00+00:00,60795.81981,6.080190000000584,1,0.001,0.0
2026-06-25T04:28:00+00:00,BUY,BUY,2026-06-25T04:29:00+00:00,60870.18641,6.086409999996249,1,0.0,0.001
2026-06-25T05:30:00+00:00,SELL,FLAT,2026-06-25T05:31:00+00:00,61537.145670000005,6.154329999997572,1,0.001,0.0
2026-06-25T05:36:00+00:00,BUY,BUY,2026-06-25T05:37:00+00:00,61603.85977,6.159769999998389,1,0.0,0.001
2026-06-25T05:41:00+00:00,SELL,FLAT,2026-06-25T05:42:00+00:00,61521.24726,6.152739999997721,1,0.001,0.0
2026-06-25T05:58:00+00:00,BUY,BUY,2026-06-25T05:59:00+00:00,61600.55944,6.159439999995811,1,0.0,0.001
2026-06-25T06:29:00+00:00,SELL,FLAT,2026-06-25T06:30:00+00:00,61632.43614,6.163860000000568,1,0.001,0.0
2026-06-25T06:42:00+00:00,BUY,BUY,2026-06-25T06:43:00+00:00,61719.1713,6.171300000001793,1,0.0,0.001
2026-06-25T07:05:00+00:00,SELL,FLAT,2026-06-25T07:06:00+00:00,61685.13087,6.169130000002042,1,0.001,0.0
2026-06-25T07:17:00+00:00,BUY,BUY,2026-06-25T07:18:00+00:00,61818.38122,6.181219999998575,1,0.0,0.001
2026-06-25T07:56:00+00:00,SELL,FLAT,2026-06-25T07:57:00+00:00,61839.71541,6.184589999997115,1,0.001,0.0
2026-06-25T08:49:00+00:00,BUY,BUY,2026-06-25T08:50:00+00:00,61772.27661,6.176610000002256,1,0.0,0.001
2026-06-25T09:02:00+00:00,SELL,FLAT,2026-06-25T09:03:00+00:00,61664.93289,6.16711000000214,1,0.001,0.0
2026-06-25T09:15:00+00:00,BUY,BUY,2026-06-25T09:16:00+00:00,61715.1709,6.170899999997346,1,0.0,0.001
2026-06-25T09:23:00+00:00,SELL,FLAT,2026-06-25T09:24:00+00:00,61638.53553,6.164469999996072,1,0.001,0.0
2026-06-25T09:38:00+00:00,BUY,BUY,2026-06-25T09:39:00+00:00,61738.67325,6.173249999999825,1,0.0,0.001
2026-06-25T09:58:00+00:00,SELL,FLAT,2026-06-25T09:59:00+00:00,61701.42924,6.170760000000882,1,0.001,0.0
2026-06-25T11:20:00+00:00,BUY,BUY,2026-06-25T11:21:00+00:00,61319.43133,6.131329999996524,1,0.0,0.001
2026-06-25T11:35:00+00:00,SELL,FLAT,2026-06-25T11:36:00+00:00,61248.57453,6.125469999999041,1,0.001,0.0
2026-06-25T11:43:00+00:00,BUY,BUY,2026-06-25T11:44:00+00:00,61310.03039,6.130389999998442,1,0.0,0.001
2026-06-25T11:51:00+00:00,SELL,FLAT,2026-06-25T11:52:00+00:00,61192.58013,6.119870000002265,1,0.001,0.0
2026-06-25T12:09:00+00:00,BUY,BUY,2026-06-25T12:10:00+00:00,61213.92078,6.120779999997467,1,0.0,0.001
2026-06-25T12:14:00+00:00,SELL,FLAT,2026-06-25T12:15:00+00:00,61187.98059,6.119409999999334,1,0.001,0.0
2026-06-25T12:33:00+00:00,BUY,BUY,2026-06-25T12:34:00+00:00,61331.83257,6.132570000001579,1,0.0,0.001
2026-06-25T12:55:00+00:00,SELL,FLAT,2026-06-25T12:56:00+00:00,61182.68112,6.118880000001809,1,0.001,0.0
2026-06-25T13:15:00+00:00,BUY,BUY,2026-06-25T13:16:00+00:00,61288.62825,6.128250000001572,1,0.0,0.001
2026-06-25T13:29:00+00:00,SELL,FLAT,2026-06-25T13:30:00+00:00,61204.07898,6.12101999999868,1,0.001,0.0
2026-06-25T14:12:00+00:00,BUY,BUY,2026-06-25T14:13:00+00:00,59483.54776,5.947760000002745,1,0.0,0.001
2026-06-25T14:50:00+00:00,SELL,FLAT,2026-06-25T14:51:00+00:00,59549.0445,5.955499999996391,1,0.001,0.0
2026-06-25T15:28:00+00:00,BUY,BUY,2026-06-25T15:29:00+00:00,59294.62886999999,5.928869999996095,1,0.0,0.001
2026-06-25T15:44:00+00:00,SELL,FLAT,2026-06-25T15:45:00+00:00,59166.38277,5.917229999999108,1,0.001,0.0
2026-06-25T15:55:00+00:00,BUY,BUY,2026-06-25T15:56:00+00:00,59456.44505,5.945050000002084,1,0.0,0.001
2026-06-25T16:30:00+00:00,SELL,FLAT,2026-06-25T16:31:00+00:00,59453.55405,5.945950000001176,1,0.001,0.0
2026-06-25T17:03:00+00:00,BUY,BUY,2026-06-25T17:04:00+00:00,59186.9181,5.918100000002596,1,0.0,0.001
2026-06-25T17:04:00+00:00,SELL,FLAT,2026-06-25T17:05:00+00:00,59149.0845,5.915500000002794,1,0.001,0.0
2026-06-25T17:16:00+00:00,BUY,BUY,2026-06-25T17:17:00+00:00,59476.64707,5.947070000001986,1,0.0,0.001
2026-06-25T17:51:00+00:00,SELL,FLAT,2026-06-25T17:52:00+00:00,59427.856620000006,5.943379999996978,1,0.001,0.0
2026-06-25T18:02:00+00:00,BUY,BUY,2026-06-25T18:03:00+00:00,59555.35494,5.954939999995986,1,0.0,0.001
2026-06-25T18:15:00+00:00,SELL,FLAT,2026-06-25T18:16:00+00:00,59428.15659,5.943409999999858,1,0.001,0.0
2026-06-25T18:29:00+00:00,BUY,BUY,2026-06-25T18:30:00+00:00,59699.06931,5.969310000000405,1,0.0,0.001
2026-06-25T18:37:00+00:00,SELL,FLAT,2026-06-25T18:38:00+00:00,59400.85932,5.940679999999702,1,0.001,0.0
2026-06-25T18:57:00+00:00,BUY,BUY,2026-06-25T18:58:00+00:00,59525.952,5.951999999997497,1,0.0,0.001
2026-06-25T19:07:00+00:00,SELL,FLAT,2026-06-25T19:08:00+00:00,59305.96881,5.931190000002971,1,0.001,0.0
2026-06-25T19:32:00+00:00,BUY,BUY,2026-06-25T19:33:00+00:00,59312.83069,5.93069000000105,1,0.0,0.001
2026-06-25T19:48:00+00:00,SELL,FLAT,2026-06-25T19:49:00+00:00,59168.68254,5.917459999996936,1,0.001,0.0
2026-06-25T20:01:00+00:00,BUY,BUY,2026-06-25T20:02:00+00:00,59631.06251,5.962509999997565,1,0.0,0.001
2026-06-25T20:25:00+00:00,SELL,FLAT,2026-06-25T20:26:00+00:00,59611.23828,5.961719999999332,1,0.001,0.0
2026-06-25T20:27:00+00:00,BUY,BUY,2026-06-25T20:28:00+00:00,59670.46645,5.966449999999895,1,0.0,0.001
2026-06-25T20:33:00+00:00,SELL,FLAT,2026-06-25T20:34:00+00:00,59480.25138,5.9486200000028475,1,0.001,0.0
2026-06-25T21:08:00+00:00,BUY,BUY,2026-06-25T21:09:00+00:00,59527.85219,5.952189999996335,1,0.0,0.001
2026-06-25T22:13:00+00:00,SELL,FLAT,2026-06-25T22:14:00+00:00,59862.813120000006,5.986879999996745,1,0.001,0.0
2026-06-25T22:49:00+00:00,BUY,BUY,2026-06-25T22:50:00+00:00,59737.17312,5.973120000002382,1,0.0,0.001
2026-06-25T22:50:00+00:00,SELL,FLAT,2026-06-25T22:51:00+00:00,59766.12279,5.977209999997285,1,0.001,0.0
2026-06-25T22:57:00+00:00,BUY,BUY,2026-06-25T22:58:00+00:00,59829.9824,5.98240000000078,1,0.0,0.001
2026-06-25T23:42:00+00:00,SELL,FLAT,2026-06-25T23:43:00+00:00,60000.9993,6.000699999996868,1,0.001,0.0
2026-06-26T00:12:00+00:00,BUY,BUY,2026-06-26T00:13:00+00:00,59811.9806,5.980600000002596,1,0.0,0.001
2026-06-26T00:23:00+00:00,SELL,FLAT,2026-06-26T00:24:00+00:00,59787.42066,5.9793399999980466,1,0.001,0.0
2026-06-26T00:44:00+00:00,BUY,BUY,2026-06-26T00:45:00+00:00,59766.07601,5.976009999998496,1,0.0,0.001
2026-06-26T00:55:00+00:00,SELL,FLAT,2026-06-26T00:56:00+00:00,59641.0353,5.96469999999681,1,0.001,0.0
2026-06-26T01:51:00+00:00,BUY,BUY,2026-06-26T01:52:00+00:00,59407.84019,5.9401900000011665,1,0.0,0.001
2026-06-26T02:11:00+00:00,SELL,FLAT,2026-06-26T02:12:00+00:00,59157.18369,5.9163100000005215,1,0.001,0.0
2026-06-26T02:36:00+00:00,BUY,BUY,2026-06-26T02:37:00+00:00,58875.98701,5.887009999998554,1,0.0,0.001
2026-06-26T02:50:00+00:00,SELL,FLAT,2026-06-26T02:51:00+00:00,58681.931220000006,5.868779999997059,1,0.001,0.0
2026-06-26T03:11:00+00:00,BUY,BUY,2026-06-26T03:12:00+00:00,58937.79319,5.893190000002505,1,0.0,0.001
2026-06-26T04:33:00+00:00,SELL,FLAT,2026-06-26T04:34:00+00:00,59893.91001,5.989990000001853,1,0.001,0.0
2026-06-26T05:12:00+00:00,BUY,BUY,2026-06-26T05:13:00+00:00,59921.09151,5.991509999999835,1,0.0,0.001
2026-06-26T05:25:00+00:00,SELL,FLAT,2026-06-26T05:26:00+00:00,59805.0189,5.981099999997241,1,0.001,0.0
2026-06-26T05:36:00+00:00,BUY,BUY,2026-06-26T05:37:00+00:00,59956.49505,5.995049999997718,1,0.0,0.001
2026-06-26T05:47:00+00:00,SELL,FLAT,2026-06-26T05:48:00+00:00,59779.82142,5.978580000002694,1,0.001,0.0
2026-06-26T06:03:00+00:00,BUY,BUY,2026-06-26T06:04:00+00:00,59696.36904,5.969039999996312,1,0.0,0.001
2026-06-26T06:05:00+00:00,SELL,FLAT,2026-06-26T06:06:00+00:00,59752.824120000005,5.975879999998142,1,0.001,0.0
2026-06-26T06:24:00+00:00,BUY,BUY,2026-06-26T06:25:00+00:00,59996.79908,5.999080000001413,1,0.0,0.001
2026-06-26T07:03:00+00:00,SELL,FLAT,2026-06-26T07:04:00+00:00,60294.769920000006,6.030079999996815,1,0.001,0.0
2026-06-26T07:08:00+00:00,BUY,BUY,2026-06-26T07:09:00+00:00,60315.23092,6.030919999997423,1,0.0,0.001
2026-06-26T07:49:00+00:00,SELL,FLAT,2026-06-26T07:50:00+00:00,60487.55064,6.04935999999725,1,0.001,0.0
2026-06-26T08:31:00+00:00,BUY,BUY,2026-06-26T08:32:00+00:00,60284.32783,6.027829999999085,1,0.0,0.001
2026-06-26T08:37:00+00:00,SELL,FLAT,2026-06-26T08:38:00+00:00,60186.48075,6.019249999997555,1,0.001,0.0
2026-06-26T09:24:00+00:00,BUY,BUY,2026-06-26T09:25:00+00:00,60105.90999,6.009989999998652,1,0.0,0.001
2026-06-26T09:33:00+00:00,SELL,FLAT,2026-06-26T09:34:00+00:00,60023.89701,6.002990000000864,1,0.001,0.0
2026-06-26T10:16:00+00:00,BUY,BUY,2026-06-26T10:17:00+00:00,59822.9817,5.981699999996636,1,0.0,0.001
2026-06-26T10:32:00+00:00,SELL,FLAT,2026-06-26T10:33:00+00:00,59744.12499,5.97501000000193,1,0.001,0.0
2026-06-26T11:09:00+00:00,BUY,BUY,2026-06-26T11:10:00+00:00,59399.9394,5.939400000002934,1,0.0,0.001
2026-06-26T11:23:00+00:00,SELL,FLAT,2026-06-26T11:24:00+00:00,59472.85212,5.947879999999714,1,0.001,0.0
2026-06-26T11:35:00+00:00,BUY,BUY,2026-06-26T11:36:00+00:00,59484.74788,5.947879999999714,1,0.0,0.001
2026-06-26T11:46:00+00:00,SELL,FLAT,2026-06-26T11:47:00+00:00,59398.95951,5.940490000000864,1,0.001,0.0
2026-06-26T12:07:00+00:00,BUY,BUY,2026-06-26T12:08:00+00:00,59455.945,5.944999999999709,1,0.0,0.001
2026-06-26T12:42:00+00:00,SELL,FLAT,2026-06-26T12:43:00+00:00,59102.28918,5.910819999997329,1,0.001,0.0
2026-06-26T13:37:00+00:00,BUY,BUY,2026-06-26T13:38:00+00:00,59096.9091,5.9090999999971245,1,0.0,0.001
2026-06-26T14:20:00+00:00,SELL,FLAT,2026-06-26T14:21:00+00:00,59953.50405,5.99594999999681,1,0.001,0.0
2026-06-26T14:23:00+00:00,BUY,BUY,2026-06-26T14:24:00+00:00,59992.69867,5.998670000000857,1,0.0,0.001
2026-06-26T14:37:00+00:00,SELL,FLAT,2026-06-26T14:38:00+00:00,59580.64134,5.958659999996598,1,0.001,0.0
2026-06-26T15:10:00+00:00,BUY,BUY,2026-06-26T15:11:00+00:00,59905.78998,5.989979999998468,1,0.0,0.001
2026-06-26T15:56:00+00:00,SELL,FLAT,2026-06-26T15:57:00+00:00,60293.97,6.029999999998836,1,0.001,0.0
2026-06-26T16:07:00+00:00,BUY,BUY,2026-06-26T16:08:00+00:00,60286.32803,6.0280300000013085,1,0.0,0.001
2026-06-26T16:13:00+00:00,SELL,FLAT,2026-06-26T16:14:00+00:00,60141.28527,6.014730000002601,1,0.001,0.0
2026-06-26T16:37:00+00:00,BUY,BUY,2026-06-26T16:38:00+00:00,60181.81758,6.017579999999725,1,0.0,0.001
2026-06-26T16:51:00+00:00,SELL,FLAT,2026-06-26T16:52:00+00:00,60043.995,6.004999999997381,1,0.001,0.0
2026-06-26T17:08:00+00:00,BUY,BUY,2026-06-26T17:09:00+00:00,60162.41564,6.015639999997802,1,0.0,0.001
2026-06-26T17:25:00+00:00,SELL,FLAT,2026-06-26T17:26:00+00:00,60076.09179,6.008209999999963,1,0.001,0.0
2026-06-26T17:34:00+00:00,BUY,BUY,2026-06-26T17:35:00+00:00,60124.11181,6.011809999996331,1,0.0,0.001
2026-06-26T17:37:00+00:00,SELL,FLAT,2026-06-26T17:38:00+00:00,59938.10559,5.994409999999334,1,0.001,0.0
2026-06-26T18:06:00+00:00,BUY,BUY,2026-06-26T18:07:00+00:00,60110.81048,6.010479999997187,1,0.0,0.001
2026-06-26T18:22:00+00:00,SELL,FLAT,2026-06-26T18:23:00+00:00,60040.39536,6.004639999999199,1,0.001,0.0
2026-06-26T19:08:00+00:00,BUY,BUY,2026-06-26T19:09:00+00:00,59824.88189,5.98189000000275,1,0.0,0.001
2026-06-26T19:31:00+00:00,SELL,FLAT,2026-06-26T19:32:00+00:00,59958.50355,5.996449999998731,1,0.001,0.0
2026-06-26T19:36:00+00:00,BUY,BUY,2026-06-26T19:37:00+00:00,59945.994,5.993999999998778,1,0.0,0.001
2026-06-26T19:46:00+00:00,SELL,FLAT,2026-06-26T19:47:00+00:00,59883.41106,5.988940000002913,1,0.001,0.0
2026-06-26T20:29:00+00:00,BUY,BUY,2026-06-26T20:30:00+00:00,59761.57556,5.97555999999895,1,0.0,0.001
2026-06-26T20:32:00+00:00,SELL,FLAT,2026-06-26T20:33:00+00:00,59605.0389,5.961100000000442,1,0.001,0.0
2026-06-26T20:51:00+00:00,BUY,BUY,2026-06-26T20:52:00+00:00,59754.17481999999,5.974819999995816,1,0.0,0.001
2026-06-26T21:08:00+00:00,SELL,FLAT,2026-06-26T21:09:00+00:00,59709.52845,5.971550000002026,1,0.001,0.0
2026-06-26T21:17:00+00:00,BUY,BUY,2026-06-26T21:18:00+00:00,59686.06801,5.968009999996866,1,0.0,0.001
2026-06-26T22:00:00+00:00,SELL,FLAT,2026-06-26T22:01:00+00:00,59876.91171,5.988290000001143,1,0.001,0.0
2026-06-26T22:20:00+00:00,BUY,BUY,2026-06-26T22:21:00+00:00,59922.79168,5.991679999999178,1,0.0,0.001
2026-06-26T22:34:00+00:00,SELL,FLAT,2026-06-26T22:35:00+00:00,59879.11149,5.9885100000028615,1,0.001,0.0
2026-06-26T22:45:00+00:00,BUY,BUY,2026-06-26T22:46:00+00:00,59914.79088,5.99087999999756,1,0.0,0.001
2026-06-26T23:19:00+00:00,SELL,FLAT,2026-06-26T23:20:00+00:00,59960.0034,5.99659999999858,1,0.001,0.0
2026-06-26T23:44:00+00:00,BUY,BUY,2026-06-26T23:45:00+00:00,60040.50345,6.003449999996519,1,0.0,0.001
2026-06-27T00:22:00+00:00,SELL,FLAT,2026-06-27T00:23:00+00:00,60005.298870000006,6.00112999999692,1,0.001,0.0
2026-06-27T00:51:00+00:00,BUY,BUY,2026-06-27T00:52:00+00:00,60049.10431,6.004309999996622,1,0.0,0.001
2026-06-27T01:08:00+00:00,SELL,FLAT,2026-06-27T01:09:00+00:00,59957.40366,5.996339999997872,1,0.001,0.0
2026-06-27T01:27:00+00:00,BUY,BUY,2026-06-27T01:28:00+00:00,59963.39574,5.995739999998477,1,0.0,0.001
2026-06-27T01:33:00+00:00,SELL,FLAT,2026-06-27T01:34:00+00:00,59925.40686,5.993139999998675,1,0.001,0.0
2026-06-27T01:49:00+00:00,BUY,BUY,2026-06-27T01:50:00+00:00,59946.09401,5.994010000002163,1,0.0,0.001
2026-06-27T01:55:00+00:00,SELL,FLAT,2026-06-27T01:56:00+00:00,59909.40846,5.991540000002715,1,0.001,0.0
2026-06-27T02:09:00+00:00,BUY,BUY,2026-06-27T02:10:00+00:00,60023.60176,6.001759999999194,1,0.0,0.001
2026-06-27T03:06:00+00:00,SELL,FLAT,2026-06-27T03:07:00+00:00,60206.07879,6.021209999998973,1,0.001,0.0
2026-06-27T03:25:00+00:00,BUY,BUY,2026-06-27T03:26:00+00:00,60277.12711,6.027110000002722,1,0.0,0.001
2026-06-27T03:52:00+00:00,SELL,FLAT,2026-06-27T03:53:00+00:00,60256.87371,6.026290000001609,1,0.001,0.0
2026-06-27T04:06:00+00:00,BUY,BUY,2026-06-27T04:07:00+00:00,60375.93699,6.0369900000005146,1,0.0,0.001
2026-06-27T04:36:00+00:00,SELL,FLAT,2026-06-27T04:37:00+00:00,60345.9648,6.03519999999844,1,0.001,0.0
2026-06-27T05:16:00+00:00,BUY,BUY,2026-06-27T05:17:00+00:00,60219.0213,6.021300000000338,1,0.0,0.001
2026-06-27T05:29:00+00:00,SELL,FLAT,2026-06-27T05:30:00+00:00,60126.78672,6.013279999999213,1,0.001,0.0
2026-06-27T05:47:00+00:00,BUY,BUY,2026-06-27T05:48:00+00:00,60253.62476,6.024760000000242,1,0.0,0.001
2026-06-27T06:03:00+00:00,SELL,FLAT,2026-06-27T06:04:00+00:00,60164.68293,6.017070000001695,1,0.001,0.0
2026-06-27T06:26:00+00:00,BUY,BUY,2026-06-27T06:27:00+00:00,60184.21782,6.017820000000938,1,0.0,0.001
2026-06-27T07:01:00+00:00,SELL,FLAT,2026-06-27T07:02:00+00:00,60328.56654,6.03345999999874,1,0.001,0.0
2026-06-27T07:24:00+00:00,BUY,BUY,2026-06-27T07:25:00+00:00,60390.93849,6.038489999999001,1,0.0,0.001
2026-06-27T08:10:00+00:00,SELL,FLAT,2026-06-27T08:11:00+00:00,60454.75392,6.0460800000000745,1,0.001,0.0
2026-06-27T08:55:00+00:00,BUY,BUY,2026-06-27T08:56:00+00:00,60439.94339,6.043389999998908,1,0.0,0.001
2026-06-27T09:12:00+00:00,SELL,FLAT,2026-06-27T09:13:00+00:00,60348.56454,6.035459999999148,1,0.001,0.0
2026-06-27T09:33:00+00:00,BUY,BUY,2026-06-27T09:34:00+00:00,60409.44034,6.04033999999956,1,0.0,0.001
2026-06-27T09:54:00+00:00,SELL,FLAT,2026-06-27T09:55:00+00:00,60378.46155,6.038450000000012,1,0.001,0.0
2026-06-27T10:00:00+00:00,BUY,BUY,2026-06-27T10:01:00+00:00,60408.84028,6.040280000001076,1,0.0,0.001
2026-06-27T10:33:00+00:00,SELL,FLAT,2026-06-27T10:34:00+00:00,60391.9602,6.03979999999865,1,0.001,0.0
2026-06-27T11:49:00+00:00,BUY,BUY,2026-06-27T11:50:00+00:00,60332.0326,6.032599999998638,1,0.0,0.001
2026-06-27T12:10:00+00:00,SELL,FLAT,2026-06-27T12:11:00+00:00,60278.9715,6.028500000000349,1,0.001,0.0
2026-06-27T12:29:00+00:00,BUY,BUY,2026-06-27T12:30:00+00:00,60312.43064,6.03063999999722,1,0.0,0.001
2026-06-27T12:47:00+00:00,SELL,FLAT,2026-06-27T12:48:00+00:00,60289.87041,6.029589999998279,1,0.001,0.0
2026-06-27T12:54:00+00:00,BUY,BUY,2026-06-27T12:55:00+00:00,60401.53955,6.039550000001327,1,0.0,0.001
2026-06-27T13:59:00+00:00,SELL,FLAT,2026-06-27T14:00:00+00:00,60548.54454,6.055459999995946,1,0.001,0.0
2026-06-27T14:14:00+00:00,BUY,BUY,2026-06-27T14:15:00+00:00,60651.76457,6.064570000002277,1,0.0,0.001
2026-06-27T14:34:00+00:00,SELL,FLAT,2026-06-27T14:35:00+00:00,60589.24047,6.059529999998631,1,0.001,0.0
2026-06-27T14:47:00+00:00,BUY,BUY,2026-06-27T14:48:00+00:00,60630.46244,6.062440000001516,1,0.0,0.001
2026-06-27T15:02:00+00:00,SELL,FLAT,2026-06-27T15:03:00+00:00,60580.04139,6.058610000000044,1,0.001,0.0
2026-06-27T15:10:00+00:00,BUY,BUY,2026-06-27T15:11:00+00:00,60819.0813,6.081299999998009,1,0.0,0.001
2026-06-27T15:30:00+00:00,SELL,FLAT,2026-06-27T15:31:00+00:00,60735.32586,6.074139999996987,1,0.001,0.0
2026-06-27T15:38:00+00:00,BUY,BUY,2026-06-27T15:39:00+00:00,60881.18751,6.087509999997565,1,0.0,0.001
2026-06-27T15:52:00+00:00,SELL,FLAT,2026-06-27T15:53:00+00:00,60735.82581,6.074189999999362,1,0.001,0.0
2026-06-27T16:02:00+00:00,BUY,BUY,2026-06-27T16:03:00+00:00,60780.47744,6.077440000000934,1,0.0,0.001
2026-06-27T16:13:00+00:00,SELL,FLAT,2026-06-27T16:14:00+00:00,60728.82651,6.073490000002494,1,0.001,0.0
2026-06-27T16:41:00+00:00,BUY,BUY,2026-06-27T16:42:00+00:00,60763.87578,6.075779999999213,1,0.0,0.001
2026-06-27T17:03:00+00:00,SELL,FLAT,2026-06-27T17:04:00+00:00,60483.951,6.048999999999069,1,0.001,0.0
2026-06-27T17:25:00+00:00,BUY,BUY,2026-06-27T17:26:00+00:00,60549.0543,6.054299999996147,1,0.0,0.001
2026-06-27T17:34:00+00:00,SELL,FLAT,2026-06-27T17:35:00+00:00,60526.9467,6.053299999999581,1,0.001,0.0
2026-06-27T17:42:00+00:00,BUY,BUY,2026-06-27T17:43:00+00:00,60594.0588,6.058799999998882,1,0.0,0.001
2026-06-27T17:58:00+00:00,SELL,FLAT,2026-06-27T17:59:00+00:00,60542.74512000001,6.0548799999960465,1,0.001,0.0
2026-06-27T18:19:00+00:00,BUY,BUY,2026-06-27T18:20:00+00:00,60484.74787,6.047870000002149,1,0.0,0.001
2026-06-27T18:26:00+00:00,SELL,FLAT,2026-06-27T18:27:00+00:00,60463.05309,6.046909999997297,1,0.001,0.0
2026-06-27T18:37:00+00:00,BUY,BUY,2026-06-27T18:38:00+00:00,60535.0529,6.05290000000241,1,0.0,0.001
2026-06-27T18:54:00+00:00,SELL,FLAT,2026-06-27T18:55:00+00:00,60539.64543,6.05457000000024,1,0.001,0.0
2026-06-27T19:02:00+00:00,BUY,BUY,2026-06-27T19:03:00+00:00,60573.55675,6.0567499999961,1,0.0,0.001
2026-06-27T19:20:00+00:00,SELL,FLAT,2026-06-27T19:21:00+00:00,60417.257670000006,6.042329999996582,1,0.001,0.0
2026-06-27T19:54:00+00:00,BUY,BUY,2026-06-27T19:55:00+00:00,60161.11551,6.015509999997448,1,0.0,0.001
2026-06-27T20:33:00+00:00,SELL,FLAT,2026-06-27T20:34:00+00:00,60227.87661,6.0233900000021094,1,0.001,0.0
2026-06-27T20:49:00+00:00,BUY,BUY,2026-06-27T20:50:00+00:00,60255.92499,6.02498999999807,1,0.0,0.001
2026-06-27T21:40:00+00:00,SELL,FLAT,2026-06-27T21:41:00+00:00,60258.9735,6.026499999999942,1,0.001,0.0
2026-06-27T22:32:00+00:00,BUY,BUY,2026-06-27T22:33:00+00:00,60134.71287,6.012869999998657,1,0.0,0.001
2026-06-27T23:15:00+00:00,SELL,FLAT,2026-06-27T23:16:00+00:00,60065.292870000005,6.007129999998142,1,0.001,0.0
2026-06-27T23:41:00+00:00,BUY,BUY,2026-06-27T23:42:00+00:00,60066.10601,6.006009999997332,1,0.0,0.001
2026-06-28T00:00:00+00:00,SELL,FLAT,2026-06-28T00:01:00+00:00,60012.59814,6.001859999996668,1,0.001,0.0
2026-06-28T00:09:00+00:00,BUY,BUY,2026-06-28T00:10:00+00:00,60110.81048,6.010479999997187,1,0.0,0.001
2026-06-28T00:38:00+00:00,SELL,FLAT,2026-06-28T00:39:00+00:00,60119.28747,6.01252999999997,1,0.001,0.0
2026-06-28T00:52:00+00:00,BUY,BUY,2026-06-28T00:53:00+00:00,60123.21172,6.011720000002242,1,0.0,0.001
2026-06-28T01:05:00+00:00,SELL,FLAT,2026-06-28T01:06:00+00:00,59990.40036,5.999640000001818,1,0.001,0.0
2026-06-28T01:23:00+00:00,BUY,BUY,2026-06-28T01:24:00+00:00,60148.61426,6.014259999996284,1,0.0,0.001
2026-06-28T01:58:00+00:00,SELL,FLAT,2026-06-28T01:59:00+00:00,60174.18198,6.018019999995886,1,0.001,0.0
2026-06-28T02:08:00+00:00,BUY,BUY,2026-06-28T02:09:00+00:00,60254.324830000005,6.024830000002112,1,0.0,0.001
2026-06-28T02:23:00+00:00,SELL,FLAT,2026-06-28T02:24:00+00:00,60024.49695,6.003049999999348,1,0.001,0.0
2026-06-28T02:45:00+00:00,BUY,BUY,2026-06-28T02:46:00+00:00,60107.11011,6.010110000002896,1,0.0,0.001
2026-06-28T03:36:00+00:00,SELL,FLAT,2026-06-28T03:37:00+00:00,60172.78212,6.017879999999423,1,0.001,0.0
2026-06-28T04:08:00+00:00,BUY,BUY,2026-06-28T04:09:00+00:00,60205.21992,6.0199199999988195,1,0.0,0.001
2026-06-28T04:32:00+00:00,SELL,FLAT,2026-06-28T04:33:00+00:00,60064.79292000001,6.007079999995767,1,0.001,0.0
2026-06-28T04:51:00+00:00,BUY,BUY,2026-06-28T04:52:00+00:00,60155.41494,6.014940000000934,1,0.0,0.001
2026-06-28T05:00:00+00:00,SELL,FLAT,2026-06-28T05:01:00+00:00,60102.68913,6.010869999998249,1,0.001,0.0
2026-06-28T05:44:00+00:00,BUY,BUY,2026-06-28T05:45:00+00:00,59898.789280000005,5.9892800000015995,1,0.0,0.001
2026-06-28T06:13:00+00:00,SELL,FLAT,2026-06-28T06:14:00+00:00,59881.41126,5.988740000000689,1,0.001,0.0
2026-06-28T06:31:00+00:00,BUY,BUY,2026-06-28T06:32:00+00:00,59929.39234,5.992339999997057,1,0.0,0.001
2026-06-28T07:29:00+00:00,SELL,FLAT,2026-06-28T07:30:00+00:00,60069.9924,6.007599999997183,1,0.001,0.0
2026-06-28T07:40:00+00:00,BUY,BUY,2026-06-28T07:41:00+00:00,60209.52035,6.020349999998871,1,0.0,0.001
2026-06-28T08:03:00+00:00,SELL,FLAT,2026-06-28T08:04:00+00:00,60175.88181,6.018190000002505,1,0.001,0.0
2026-06-28T08:25:00+00:00,BUY,BUY,2026-06-28T08:26:00+00:00,60205.51995,6.0199500000017,1,0.0,0.001
2026-06-28T09:00:00+00:00,SELL,FLAT,2026-06-28T09:01:00+00:00,60342.46515,6.034849999996368,1,0.001,0.0
2026-06-28T09:17:00+00:00,BUY,BUY,2026-06-28T09:18:00+00:00,60356.13501,6.035009999999602,1,0.0,0.001
2026-06-28T09:23:00+00:00,SELL,FLAT,2026-06-28T09:24:00+00:00,60311.26827,6.031730000002426,1,0.001,0.0
2026-06-28T09:41:00+00:00,BUY,BUY,2026-06-28T09:42:00+00:00,60340.83348,6.033479999998235,1,0.0,0.001
2026-06-28T09:51:00+00:00,SELL,FLAT,2026-06-28T09:52:00+00:00,60277.27167,6.028330000001006,1,0.001,0.0
2026-06-28T10:48:00+00:00,BUY,BUY,2026-06-28T10:49:00+00:00,60121.31153,6.011529999996128,1,0.0,0.001
2026-06-28T11:14:00+00:00,SELL,FLAT,2026-06-28T11:15:00+00:00,60094.889910000005,6.010089999996126,1,0.001,0.0
2026-06-28T11:24:00+00:00,BUY,BUY,2026-06-28T11:25:00+00:00,60274.12681,6.0268099999957485,1,0.0,0.001
2026-06-28T11:46:00+00:00,SELL,FLAT,2026-06-28T11:47:00+00:00,60242.57514,6.024859999997716,1,0.001,0.0
2026-06-28T11:57:00+00:00,BUY,BUY,2026-06-28T11:58:00+00:00,60312.0306,6.0305999999982305,1,0.0,0.001
2026-06-28T12:16:00+00:00,SELL,FLAT,2026-06-28T12:17:00+00:00,60228.17658,6.023419999997714,1,0.001,0.0
2026-06-28T12:34:00+00:00,BUY,BUY,2026-06-28T12:35:00+00:00,60321.0315,6.0314999999973224,1,0.0,0.001
2026-06-28T12:45:00+00:00,SELL,FLAT,2026-06-28T12:46:00+00:00,60219.07749,6.022510000002512,1,0.001,0.0
2026-06-28T12:58:00+00:00,BUY,BUY,2026-06-28T12:59:00+00:00,60285.72797,6.027970000002824,1,0.0,0.001
2026-06-28T13:04:00+00:00,SELL,FLAT,2026-06-28T13:05:00+00:00,60009.9984,6.00159999999596,1,0.001,0.0
2026-06-28T13:24:00+00:00,BUY,BUY,2026-06-28T13:25:00+00:00,60131.0125,6.01249999999709,1,0.0,0.001
2026-06-28T13:44:00+00:00,SELL,FLAT,2026-06-28T13:45:00+00:00,60094.08999,6.010009999998147,1,0.001,0.0
2026-06-28T14:12:00+00:00,BUY,BUY,2026-06-28T14:13:00+00:00,60135.51295,6.012949999996636,1,0.0,0.001
2026-06-28T14:35:00+00:00,SELL,FLAT,2026-06-28T14:36:00+00:00,60134.78592,6.014080000000831,1,0.001,0.0
2026-06-28T15:25:00+00:00,BUY,BUY,2026-06-28T15:26:00+00:00,60050.90449,6.00448999999935,1,0.0,0.001
2026-06-28T15:37:00+00:00,SELL,FLAT,2026-06-28T15:38:00+00:00,59886.71073,5.989269999998214,1,0.001,0.0
2026-06-28T17:00:00+00:00,BUY,BUY,2026-06-28T17:01:00+00:00,59665.966,5.966000000000349,1,0.0,0.001
2026-06-28T17:17:00+00:00,SELL,FLAT,2026-06-28T17:18:00+00:00,59615.83782,5.962180000002263,1,0.001,0.0
2026-06-28T17:54:00+00:00,BUY,BUY,2026-06-28T17:55:00+00:00,59562.85569,5.955690000002505,1,0.0,0.001
2026-06-28T18:25:00+00:00,SELL,FLAT,2026-06-28T18:26:00+00:00,59634.036,5.963999999999942,1,0.001,0.0
2026-06-28T19:31:00+00:00,BUY,BUY,2026-06-28T19:32:00+00:00,59619.46135,5.961349999997765,1,0.0,0.001
2026-06-28T19:43:00+00:00,SELL,FLAT,2026-06-28T19:44:00+00:00,59402.15919,5.940810000000056,1,0.001,0.0
2026-06-28T20:02:00+00:00,BUY,BUY,2026-06-28T20:03:00+00:00,59484.64786999999,5.947869999996328,1,0.0,0.001
2026-06-28T20:43:00+00:00,SELL,FLAT,2026-06-28T20:44:00+00:00,59644.035,5.9649999999965075,1,0.001,0.0
2026-06-28T21:09:00+00:00,BUY,BUY,2026-06-28T21:10:00+00:00,59674.76688,5.9668799999999464,1,0.0,0.001
2026-06-28T21:46:00+00:00,SELL,FLAT,2026-06-28T21:47:00+00:00,59455.15389,5.946109999997134,1,0.001,0.0
2026-06-28T22:06:00+00:00,BUY,BUY,2026-06-28T22:07:00+00:00,59788.17822,5.978219999997236,1,0.0,0.001
2026-06-28T22:20:00+00:00,SELL,FLAT,2026-06-28T22:21:00+00:00,59193.98001,5.919990000002144,1,0.001,0.0
2026-06-28T23:07:00+00:00,BUY,BUY,2026-06-28T23:08:00+00:00,59290.9285,5.928500000001804,1,0.0,0.001
2026-06-28T23:57:00+00:00,SELL,FLAT,2026-06-28T23:58:00+00:00,59619.337470000006,5.962529999997059,1,0.001,0.0
2026-06-29T00:47:00+00:00,BUY,BUY,2026-06-29T00:48:00+00:00,59217.9212,5.921199999997043,1,0.0,0.001
2026-06-29T01:15:00+00:00,SELL,FLAT,2026-06-29T01:16:00+00:00,59468.35257,5.947430000000168,1,0.001,0.0
2026-06-29T01:39:00+00:00,BUY,BUY,2026-06-29T01:40:00+00:00,59468.9463,5.946299999995972,1,0.0,0.001
2026-06-29T02:00:00+00:00,SELL,FLAT,2026-06-29T02:01:00+00:00,59395.45986,5.940139999998792,1,0.001,0.0
2026-06-29T02:29:00+00:00,BUY,BUY,2026-06-29T02:30:00+00:00,59528.75228,5.9522799999977,1,0.0,0.001
2026-06-29T03:39:00+00:00,SELL,FLAT,2026-06-29T03:40:00+00:00,59891.51025,5.98975000000064,1,0.001,0.0
2026-06-29T03:57:00+00:00,BUY,BUY,2026-06-29T03:58:00+00:00,59978.59726,5.997259999996459,1,0.0,0.001
2026-06-29T04:10:00+00:00,SELL,FLAT,2026-06-29T04:11:00+00:00,59912.90811,5.991889999997511,1,0.001,0.0
2026-06-29T04:59:00+00:00,BUY,BUY,2026-06-29T05:00:00+00:00,59812.18062,5.980620000002091,1,0.0,0.001
2026-06-29T05:03:00+00:00,SELL,FLAT,2026-06-29T05:04:00+00:00,59715.12789,5.972110000002431,1,0.001,0.0
2026-06-29T05:26:00+00:00,BUY,BUY,2026-06-29T05:27:00+00:00,59666.86609,5.966090000001714,1,0.0,0.001
2026-06-29T06:35:00+00:00,SELL,FLAT,2026-06-29T06:36:00+00:00,60083.29107000001,6.008929999996326,1,0.001,0.0
2026-06-29T06:59:00+00:00,BUY,BUY,2026-06-29T07:00:00+00:00,60057.10511,6.00510999999824,1,0.0,0.001
2026-06-29T07:02:00+00:00,SELL,FLAT,2026-06-29T07:03:00+00:00,59905.90881,5.991190000000643,1,0.001,0.0
2026-06-29T07:18:00+00:00,BUY,BUY,2026-06-29T07:19:00+00:00,60108.0102,6.010199999996985,1,0.0,0.001
2026-06-29T07:46:00+00:00,SELL,FLAT,2026-06-29T07:47:00+00:00,60022.297170000005,6.00282999999763,1,0.001,0.0
2026-06-29T08:47:00+00:00,BUY,BUY,2026-06-29T08:48:00+00:00,59912.89069,5.990689999998722,1,0.0,0.001
2026-06-29T09:01:00+00:00,SELL,FLAT,2026-06-29T09:02:00+00:00,59824.41696,5.983039999999164,1,0.001,0.0
2026-06-29T09:15:00+00:00,BUY,BUY,2026-06-29T09:16:00+00:00,59986.9981,5.998099999997066,1,0.0,0.001
2026-06-29T09:33:00+00:00,SELL,FLAT,2026-06-29T09:34:00+00:00,59909.40846,5.991540000002715,1,0.001,0.0
2026-06-29T09:45:00+00:00,BUY,BUY,2026-06-29T09:46:00+00:00,59991.69856999999,5.998569999996107,1,0.0,0.001
2026-06-29T10:32:00+00:00,SELL,FLAT,2026-06-29T10:33:00+00:00,60109.88841,6.011590000001888,1,0.001,0.0
2026-06-29T11:33:00+00:00,BUY,BUY,2026-06-29T11:34:00+00:00,59956.9951,5.995100000000093,1,0.0,0.001
2026-06-29T11:42:00+00:00,SELL,FLAT,2026-06-29T11:43:00+00:00,59837.61564,5.984360000002198,1,0.001,0.0
2026-06-29T12:03:00+00:00,BUY,BUY,2026-06-29T12:04:00+00:00,60255.92499,6.02498999999807,1,0.0,0.001
2026-06-29T12:30:00+00:00,SELL,FLAT,2026-06-29T12:31:00+00:00,60424.356960000005,6.043039999996836,1,0.001,0.0
2026-06-29T13:04:00+00:00,BUY,BUY,2026-06-29T13:05:00+00:00,60100.20942,6.009420000002137,1,0.0,0.001
2026-06-29T13:28:00+00:00,SELL,FLAT,2026-06-29T13:29:00+00:00,59977.20168,5.998319999998785,1,0.001,0.0
2026-06-29T14:29:00+00:00,BUY,BUY,2026-06-29T14:30:00+00:00,59487.54816,5.948159999999916,1,0.0,0.001
2026-06-29T14:49:00+00:00,SELL,FLAT,2026-06-29T14:50:00+00:00,59336.86572,5.9342800000013085,1,0.001,0.0
2026-06-29T15:25:00+00:00,BUY,BUY,2026-06-29T15:26:00+00:00,59204.71988,5.919880000001285,1,0.0,0.001
2026-06-29T16:05:00+00:00,SELL,FLAT,2026-06-29T16:06:00+00:00,59879.41146,5.988539999998466,1,0.001,0.0
2026-06-29T16:41:00+00:00,BUY,BUY,2026-06-29T16:42:00+00:00,59828.58226,5.982259999997041,1,0.0,0.001
2026-06-29T17:38:00+00:00,SELL,FLAT,2026-06-29T17:39:00+00:00,60371.46225,6.037749999995867,1,0.001,0.0
2026-06-29T17:45:00+00:00,BUY,BUY,2026-06-29T17:46:00+00:00,60610.96049,6.060489999996207,1,0.0,0.001
2026-06-29T18:00:00+00:00,SELL,FLAT,2026-06-29T18:01:00+00:00,60313.16808,6.031920000001264,1,0.001,0.0
2026-06-29T18:16:00+00:00,BUY,BUY,2026-06-29T18:17:00+00:00,60395.63896,6.038959999998042,1,0.0,0.001
2026-06-29T18:27:00+00:00,SELL,FLAT,2026-06-29T18:28:00+00:00,60341.9652,6.034800000001269,1,0.001,0.0
2026-06-29T19:21:00+00:00,BUY,BUY,2026-06-29T19:22:00+00:00,60315.53095,6.030950000000303,1,0.0,0.001
2026-06-29T19:44:00+00:00,SELL,FLAT,2026-06-29T19:45:00+00:00,60436.9557,6.044300000001385,1,0.001,0.0
2026-06-29T19:49:00+00:00,BUY,BUY,2026-06-29T19:50:00+00:00,60497.94919,6.049189999997907,1,0.0,0.001
2026-06-29T20:09:00+00:00,SELL,FLAT,2026-06-29T20:10:00+00:00,60422.75712,6.042880000000878,1,0.001,0.0
2026-06-29T20:35:00+00:00,BUY,BUY,2026-06-29T20:36:00+00:00,60444.24382,6.043819999998959,1,0.0,0.001
2026-06-29T20:48:00+00:00,SELL,FLAT,2026-06-29T20:49:00+00:00,60353.964,6.036000000000058,1,0.001,0.0
2026-06-29T21:14:00+00:00,BUY,BUY,2026-06-29T21:15:00+00:00,60389.83838,6.038379999998142,1,0.0,0.001
2026-06-29T21:28:00+00:00,SELL,FLAT,2026-06-29T21:29:00+00:00,60280.371360000005,6.0286399999968125,1,0.001,0.0
2026-06-29T21:34:00+00:00,BUY,BUY,2026-06-29T21:35:00+00:00,60389.13831,6.038309999996272,1,0.0,0.001
2026-06-29T22:06:00+00:00,SELL,FLAT,2026-06-29T22:07:00+00:00,60403.45905,6.04095000000234,1,0.001,0.0
2026-06-29T22:23:00+00:00,BUY,BUY,2026-06-29T22:24:00+00:00,60428.0422,6.042199999996228,1,0.0,0.001
2026-06-29T22:34:00+00:00,SELL,FLAT,2026-06-29T22:35:00+00:00,60360.16338,6.036619999998948,1,0.001,0.0
2026-06-29T22:55:00+00:00,BUY,BUY,2026-06-29T22:56:00+00:00,60379.63736,6.0373600000020815,1,0.0,0.001
2026-06-29T23:03:00+00:00,SELL,FLAT,2026-06-29T23:04:00+00:00,60343.965,6.0349999999962165,1,0.001,0.0
2026-06-29T23:44:00+00:00,BUY,BUY,2026-06-29T23:45:00+00:00,60225.52195,6.021950000002107,1,0.0,0.001
2026-06-29T23:55:00+00:00,SELL,FLAT,2026-06-29T23:56:00+00:00,60195.07989,6.020109999997658,1,0.001,0.0
2026-06-30T00:55:00+00:00,BUY,BUY,2026-06-30T00:56:00+00:00,59829.88239,5.982389999997395,1,0.0,0.001
2026-06-30T01:09:00+00:00,SELL,FLAT,2026-06-30T01:10:00+00:00,59757.62364,5.976360000000568,1,0.001,0.0
2026-06-30T01:19:00+00:00,BUY,BUY,2026-06-30T01:20:00+00:00,59951.19452,5.994520000000193,1,0.0,0.001
2026-06-30T01:42:00+00:00,SELL,FLAT,2026-06-30T01:43:00+00:00,59810.11839,5.981610000002547,1,0.001,0.0
2026-06-30T01:58:00+00:00,BUY,BUY,2026-06-30T01:59:00+00:00,59920.19142,5.99141999999847,1,0.0,0.001
2026-06-30T02:12:00+00:00,SELL,FLAT,2026-06-30T02:13:00+00:00,59749.12449,5.975509999996575,1,0.001,0.0
2026-06-30T02:28:00+00:00,BUY,BUY,2026-06-30T02:29:00+00:00,59943.49375,5.993750000001455,1,0.0,0.001
2026-06-30T03:00:00+00:00,SELL,FLAT,2026-06-30T03:01:00+00:00,59919.30747000001,5.992529999995895,1,0.001,0.0
2026-06-30T03:22:00+00:00,BUY,BUY,2026-06-30T03:23:00+00:00,59930.9925,5.992500000000291,1,0.0,0.001
2026-06-30T03:26:00+00:00,SELL,FLAT,2026-06-30T03:27:00+00:00,59839.0155,5.984499999998661,1,0.001,0.0
2026-06-30T04:31:00+00:00,BUY,BUY,2026-06-30T04:32:00+00:00,59598.65927,5.959269999999378,1,0.0,0.001
2026-06-30T04:50:00+00:00,SELL,FLAT,2026-06-30T04:51:00+00:00,59507.44866,5.951339999999618,1,0.001,0.0
2026-06-30T05:43:00+00:00,BUY,BUY,2026-06-30T05:44:00+00:00,59536.35304,5.953040000000328,1,0.0,0.001
2026-06-30T06:10:00+00:00,SELL,FLAT,2026-06-30T06:11:00+00:00,59514.048,5.951999999997497,1,0.001,0.0
2026-06-30T06:28:00+00:00,BUY,BUY,2026-06-30T06:29:00+00:00,59640.86349,5.9634900000019115,1,0.0,0.001
2026-06-30T06:45:00+00:00,SELL,FLAT,2026-06-30T06:46:00+00:00,59527.44666,5.953340000000026,1,0.001,0.0
2026-06-30T07:01:00+00:00,BUY,BUY,2026-06-30T07:02:00+00:00,59599.75938,5.9593800000002375,1,0.0,0.001
2026-06-30T07:10:00+00:00,SELL,FLAT,2026-06-30T07:11:00+00:00,59435.75583,5.944170000002487,1,0.001,0.0
2026-06-30T07:32:00+00:00,BUY,BUY,2026-06-30T07:33:00+00:00,59519.65137,5.951370000002498,1,0.0,0.001
2026-06-30T07:42:00+00:00,SELL,FLAT,2026-06-30T07:43:00+00:00,59503.94901,5.950989999997546,1,0.001,0.0
2026-06-30T07:43:00+00:00,BUY,BUY,2026-06-30T07:44:00+00:00,59511.15052,5.950519999998505,1,0.0,0.001
2026-06-30T07:51:00+00:00,SELL,FLAT,2026-06-30T07:52:00+00:00,59458.15359,5.946409999996831,1,0.001,0.0
2026-06-30T07:56:00+00:00,BUY,BUY,2026-06-30T07:57:00+00:00,59517.15112,5.9511199999979,1,0.0,0.001
2026-06-30T08:12:00+00:00,SELL,FLAT,2026-06-30T08:13:00+00:00,59439.35547,5.944530000000668,1,0.001,0.0
2026-06-30T08:58:00+00:00,BUY,BUY,2026-06-30T08:59:00+00:00,59303.72978,5.929779999998573,1,0.0,0.001
2026-06-30T09:20:00+00:00,SELL,FLAT,2026-06-30T09:21:00+00:00,59234.97591,5.924090000000433,1,0.001,0.0
2026-06-30T09:43:00+00:00,BUY,BUY,2026-06-30T09:44:00+00:00,59338.63327,5.933270000001357,1,0.0,0.001
2026-06-30T10:07:00+00:00,SELL,FLAT,2026-06-30T10:08:00+00:00,59372.0622,5.937799999999697,1,0.001,0.0
2026-06-30T10:29:00+00:00,BUY,BUY,2026-06-30T10:30:00+00:00,59350.23443,5.934430000001157,1,0.0,0.001
2026-06-30T10:31:00+00:00,SELL,FLAT,2026-06-30T10:32:00+00:00,59326.76673,5.933270000001357,1,0.001,0.0
2026-06-30T10:55:00+00:00,BUY,BUY,2026-06-30T10:56:00+00:00,59335.933,5.932999999997264,1,0.0,0.001
2026-06-30T11:20:00+00:00,SELL,FLAT,2026-06-30T11:21:00+00:00,59283.17109,5.928910000002361,1,0.001,0.0
2026-06-30T11:48:00+00:00,BUY,BUY,2026-06-30T11:49:00+00:00,59276.9271,5.927100000000792,1,0.0,0.001
2026-06-30T12:01:00+00:00,SELL,FLAT,2026-06-30T12:02:00+00:00,59108.98851,5.911489999998594,1,0.001,0.0
2026-06-30T13:18:00+00:00,BUY,BUY,2026-06-30T13:19:00+00:00,58548.95431,5.854310000002442,1,0.0,0.001
2026-06-30T13:27:00+00:00,SELL,FLAT,2026-06-30T13:28:00+00:00,58469.1525,5.8474999999962165,1,0.001,0.0
2026-06-30T13:31:00+00:00,BUY,BUY,2026-06-30T13:32:00+00:00,58561.45556,5.855559999996331,1,0.0,0.001
2026-06-30T13:33:00+00:00,SELL,FLAT,2026-06-30T13:34:00+00:00,58340.465370000005,5.83462999999756,1,0.001,0.0
2026-06-30T13:50:00+00:00,BUY,BUY,2026-06-30T13:51:00+00:00,58577.8572,5.8571999999985565,1,0.0,0.001
2026-06-30T14:37:00+00:00,SELL,FLAT,2026-06-30T14:38:00+00:00,58714.22799,5.872009999999136,1,0.001,0.0
2026-06-30T15:27:00+00:00,BUY,BUY,2026-06-30T15:28:00+00:00,58403.53977,5.83976999999868,1,0.0,0.001
2026-06-30T15:42:00+00:00,SELL,FLAT,2026-06-30T15:43:00+00:00,58394.95992,5.8400800000017625,1,0.001,0.0
2026-06-30T15:46:00+00:00,BUY,BUY,2026-06-30T15:47:00+00:00,58636.96311,5.863109999998414,1,0.0,0.001
2026-06-30T16:03:00+00:00,SELL,FLAT,2026-06-30T16:04:00+00:00,58426.75674,5.8432600000014645,1,0.001,0.0
2026-06-30T16:42:00+00:00,BUY,BUY,2026-06-30T16:43:00+00:00,58376.53707,5.837070000001404,1,0.0,0.001
2026-06-30T17:15:00+00:00,SELL,FLAT,2026-06-30T17:16:00+00:00,58373.962020000006,5.837979999996605,1,0.001,0.0
2026-06-30T18:01:00+00:00,BUY,BUY,2026-06-30T18:02:00+00:00,58397.93921,5.839209999998275,1,0.0,0.001
2026-06-30T18:35:00+00:00,SELL,FLAT,2026-06-30T18:36:00+00:00,58460.1534,5.8465999999971245,1,0.001,0.0
2026-06-30T18:51:00+00:00,BUY,BUY,2026-06-30T18:52:00+00:00,58612.8607,5.8606999999974505,1,0.0,0.001
2026-06-30T19:14:00+00:00,SELL,FLAT,2026-06-30T19:15:00+00:00,58627.1367,5.863299999997253,1,0.001,0.0
2026-06-30T19:31:00+00:00,BUY,BUY,2026-06-30T19:32:00+00:00,58742.8737,5.873699999996461,1,0.0,0.001
2026-06-30T20:23:00+00:00,SELL,FLAT,2026-06-30T20:24:00+00:00,58707.02871,5.871290000002773,1,0.001,0.0
2026-06-30T20:51:00+00:00,BUY,BUY,2026-06-30T20:52:00+00:00,58685.16793,5.867930000000342,1,0.0,0.001
2026-06-30T21:11:00+00:00,SELL,FLAT,2026-06-30T21:12:00+00:00,58527.94662,5.85338000000047,1,0.001,0.0
2026-06-30T21:37:00+00:00,BUY,BUY,2026-06-30T21:38:00+00:00,58619.76139,5.8613899999982095,1,0.0,0.001
2026-06-30T21:51:00+00:00,SELL,FLAT,2026-06-30T21:52:00+00:00,58560.043410000006,5.8565899999957765,1,0.001,0.0
2026-06-30T22:01:00+00:00,BUY,BUY,2026-06-30T22:02:00+00:00,58672.96671,5.866710000002058,1,0.0,0.001
2026-06-30T22:27:00+00:00,SELL,FLAT,2026-06-30T22:28:00+00:00,58618.23759,5.862410000001546,1,0.001,0.0
2026-06-30T22:51:00+00:00,BUY,BUY,2026-06-30T22:52:00+00:00,58540.25344,5.853439999998955,1,0.0,0.001
2026-06-30T23:05:00+00:00,SELL,FLAT,2026-06-30T23:06:00+00:00,58561.34328,5.85671999999613,1,0.001,0.0
2026-06-30T23:08:00+00:00,BUY,BUY,2026-06-30T23:09:00+00:00,58598.95931,5.859309999999823,1,0.0,0.001
2026-06-30T23:40:00+00:00,SELL,FLAT,2026-06-30T23:41:00+00:00,58551.1443,5.85570000000007,1,0.001,0.0
2026-06-30T23:52:00+00:00,BUY,BUY,2026-06-30T23:53:00+00:00,58615.861,5.860999999997148,1,0.0,0.001
