event_time_ns,event_time,instrument_id,close,cash,position,realized_pnl,unrealized_pnl,equity
1717200000000000000,2024-06-01T00:00:00+00:00,BTCUSDT-PERP.BINANCE,67613.6,100000.0,0.0,0.0,0.0,100000.0
1717200900000000000,2024-06-01T00:15:00+00:00,BTCUSDT-PERP.BINANCE,67595.8,100000.0,0.0,0.0,0.0,100000.0
1717201800000000000,2024-06-01T00:30:00+00:00,BTCUSDT-PERP.BINANCE,67644.6,100000.0,0.0,0.0,0.0,100000.0
1717202700000000000,2024-06-01T00:45:00+00:00,BTCUSDT-PERP.BINANCE,67690.0,100000.0,0.0,0.0,0.0,100000.0
1717203600000000000,2024-06-01T01:00:00+00:00,BTCUSDT-PERP.BINANCE,67650.1,100000.0,0.0,0.0,0.0,100000.0
1717204500000000000,2024-06-01T01:15:00+00:00,BTCUSDT-PERP.BINANCE,67608.6,100000.0,0.0,0.0,0.0,100000.0
1717205400000000000,2024-06-01T01:30:00+00:00,BTCUSDT-PERP.BINANCE,67540.1,100000.0,0.0,0.0,0.0,100000.0
1717206300000000000,2024-06-01T01:45:00+00:00,BTCUSDT-PERP.BINANCE,67600.0,100000.0,0.0,0.0,0.0,100000.0
1717207200000000000,2024-06-01T02:00:00+00:00,BTCUSDT-PERP.BINANCE,67680.1,100000.0,0.0,0.0,0.0,100000.0
1717208100000000000,2024-06-01T02:15:00+00:00,BTCUSDT-PERP.BINANCE,67705.1,100000.0,0.0,0.0,0.0,100000.0
1717209000000000000,2024-06-01T02:30:00+00:00,BTCUSDT-PERP.BINANCE,67723.7,100000.0,0.0,0.0,0.0,100000.0
1717209900000000000,2024-06-01T02:45:00+00:00,BTCUSDT-PERP.BINANCE,67762.4,100000.0,0.0,0.0,0.0,100000.0
1717210800000000000,2024-06-01T03:00:00+00:00,BTCUSDT-PERP.BINANCE,67730.0,100000.0,0.0,0.0,0.0,100000.0
1717211700000000000,2024-06-01T03:15:00+00:00,BTCUSDT-PERP.BINANCE,67700.0,100000.0,0.0,0.0,0.0,100000.0
1717212600000000000,2024-06-01T03:30:00+00:00,BTCUSDT-PERP.BINANCE,67785.5,100000.0,0.0,0.0,0.0,100000.0
1717213500000000000,2024-06-01T03:45:00+00:00,BTCUSDT-PERP.BINANCE,67749.9,100000.0,0.0,0.0,0.0,100000.0
1717214400000000000,2024-06-01T04:00:00+00:00,BTCUSDT-PERP.BINANCE,67746.8,100000.0,0.0,0.0,0.0,100000.0
1717215300000000000,2024-06-01T04:15:00+00:00,BTCUSDT-PERP.BINANCE,67724.9,100000.0,0.0,0.0,0.0,100000.0
1717216200000000000,2024-06-01T04:30:00+00:00,BTCUSDT-PERP.BINANCE,67737.1,100000.0,0.0,0.0,0.0,100000.0
1717217100000000000,2024-06-01T04:45:00+00:00,BTCUSDT-PERP.BINANCE,67719.6,100000.0,0.0,0.0,0.0,100000.0
1717218000000000000,2024-06-01T05:00:00+00:00,BTCUSDT-PERP.BINANCE,67702.4,100000.0,0.0,0.0,0.0,100000.0
1717218900000000000,2024-06-01T05:15:00+00:00,BTCUSDT-PERP.BINANCE,67641.3,100000.0,0.0,0.0,0.0,100000.0
1717219800000000000,2024-06-01T05:30:00+00:00,BTCUSDT-PERP.BINANCE,67773.8,100000.0,0.0,0.0,0.0,100000.0
1717220700000000000,2024-06-01T05:45:00+00:00,BTCUSDT-PERP.BINANCE,67730.7,100000.0,0.0,0.0,0.0,100000.0
1717221600000000000,2024-06-01T06:00:00+00:00,BTCUSDT-PERP.BINANCE,67704.8,100000.0,0.0,0.0,0.0,100000.0
1717222500000000000,2024-06-01T06:15:00+00:00,BTCUSDT-PERP.BINANCE,67704.6,100000.0,0.0,0.0,0.0,100000.0
1717223400000000000,2024-06-01T06:30:00+00:00,BTCUSDT-PERP.BINANCE,67705.8,100000.0,0.0,0.0,0.0,100000.0
1717224300000000000,2024-06-01T06:45:00+00:00,BTCUSDT-PERP.BINANCE,67734.8,100000.0,0.0,0.0,0.0,100000.0
1717225200000000000,2024-06-01T07:00:00+00:00,BTCUSDT-PERP.BINANCE,67700.2,100000.0,0.0,0.0,0.0,100000.0
1717226100000000000,2024-06-01T07:15:00+00:00,BTCUSDT-PERP.BINANCE,67661.0,100000.0,0.0,0.0,0.0,100000.0
1717227000000000000,2024-06-01T07:30:00+00:00,BTCUSDT-PERP.BINANCE,67702.7,100000.0,0.0,0.0,0.0,100000.0
1717227900000000000,2024-06-01T07:45:00+00:00,BTCUSDT-PERP.BINANCE,67677.9,167644.06105,-1.0,0.0,0.0,99966.16105
1717228800000000000,2024-06-01T08:00:00+00:00,BTCUSDT-PERP.BINANCE,67677.4,167644.06105,-1.0,0.0,0.5,99966.66105
1717229700000000000,2024-06-01T08:15:00+00:00,BTCUSDT-PERP.BINANCE,67673.3,167644.06105,-1.0,0.0,4.6,99970.76105
1717230600000000000,2024-06-01T08:30:00+00:00,BTCUSDT-PERP.BINANCE,67769.1,167644.06105,-1.0,0.0,-91.2,99874.96105
1717231500000000000,2024-06-01T08:45:00+00:00,BTCUSDT-PERP.BINANCE,67753.4,167644.06105,-1.0,0.0,-75.5,99890.66105
1717232400000000000,2024-06-01T09:00:00+00:00,BTCUSDT-PERP.BINANCE,67748.6,99861.58675,0.0,-70.7,0.0,99861.58675
1717233300000000000,2024-06-01T09:15:00+00:00,BTCUSDT-PERP.BINANCE,67709.1,99861.58675,0.0,-70.7,0.0,99861.58675
1717234200000000000,2024-06-01T09:30:00+00:00,BTCUSDT-PERP.BINANCE,67740.7,99861.58675,0.0,-70.7,0.0,99861.58675
1717235100000000000,2024-06-01T09:45:00+00:00,BTCUSDT-PERP.BINANCE,67753.8,99861.58675,0.0,-70.7,0.0,99861.58675
1717236000000000000,2024-06-01T10:00:00+00:00,BTCUSDT-PERP.BINANCE,67773.4,99861.58675,0.0,-70.7,0.0,99861.58675
1717236900000000000,2024-06-01T10:15:00+00:00,BTCUSDT-PERP.BINANCE,67712.8,99861.58675,0.0,-70.7,0.0,99861.58675
1717237800000000000,2024-06-01T10:30:00+00:00,BTCUSDT-PERP.BINANCE,67732.5,99861.58675,0.0,-70.7,0.0,99861.58675
1717238700000000000,2024-06-01T10:45:00+00:00,BTCUSDT-PERP.BINANCE,67670.0,99861.58675,0.0,-70.7,0.0,99861.58675
1717239600000000000,2024-06-01T11:00:00+00:00,BTCUSDT-PERP.BINANCE,67725.9,99861.58675,0.0,-70.7,0.0,99861.58675
1717240500000000000,2024-06-01T11:15:00+00:00,BTCUSDT-PERP.BINANCE,67713.0,99861.58675,0.0,-70.7,0.0,99861.58675
1717241400000000000,2024-06-01T11:30:00+00:00,BTCUSDT-PERP.BINANCE,67727.9,99861.58675,0.0,-70.7,0.0,99861.58675
1717242300000000000,2024-06-01T11:45:00+00:00,BTCUSDT-PERP.BINANCE,67704.0,99861.58675,0.0,-70.7,0.0,99861.58675
1717243200000000000,2024-06-01T12:00:00+00:00,BTCUSDT-PERP.BINANCE,67747.1,167574.8132,-1.0,-70.7,0.0,99827.7132
1717244100000000000,2024-06-01T12:15:00+00:00,BTCUSDT-PERP.BINANCE,67764.4,99776.531,0.0,-88.0,0.0,99776.531
1717245000000000000,2024-06-01T12:30:00+00:00,BTCUSDT-PERP.BINANCE,67780.0,99776.531,0.0,-88.0,0.0,99776.531
1717245900000000000,2024-06-01T12:45:00+00:00,BTCUSDT-PERP.BINANCE,67757.2,99776.531,0.0,-88.0,0.0,99776.531
1717246800000000000,2024-06-01T13:00:00+00:00,BTCUSDT-PERP.BINANCE,67835.3,99776.531,0.0,-88.0,0.0,99776.531
1717247700000000000,2024-06-01T13:15:00+00:00,BTCUSDT-PERP.BINANCE,67823.4,99776.531,0.0,-88.0,0.0,99776.531
1717248600000000000,2024-06-01T13:30:00+00:00,BTCUSDT-PERP.BINANCE,67799.0,99776.531,0.0,-88.0,0.0,99776.531
1717249500000000000,2024-06-01T13:45:00+00:00,BTCUSDT-PERP.BINANCE,67760.0,99776.531,0.0,-88.0,0.0,99776.531
1717250400000000000,2024-06-01T14:00:00+00:00,BTCUSDT-PERP.BINANCE,67796.1,99776.531,0.0,-88.0,0.0,99776.531
1717251300000000000,2024-06-01T14:15:00+00:00,BTCUSDT-PERP.BINANCE,67840.0,99776.531,0.0,-88.0,0.0,99776.531
1717252200000000000,2024-06-01T14:30:00+00:00,BTCUSDT-PERP.BINANCE,67852.0,99776.531,0.0,-88.0,0.0,99776.531
1717253100000000000,2024-06-01T14:45:00+00:00,BTCUSDT-PERP.BINANCE,67841.1,99776.531,0.0,-88.0,0.0,99776.531
1717254000000000000,2024-06-01T15:00:00+00:00,BTCUSDT-PERP.BINANCE,67795.7,99776.531,0.0,-88.0,0.0,99776.531
1717254900000000000,2024-06-01T15:15:00+00:00,BTCUSDT-PERP.BINANCE,67806.1,99776.531,0.0,-88.0,0.0,99776.531
1717255800000000000,2024-06-01T15:30:00+00:00,BTCUSDT-PERP.BINANCE,67824.5,99776.531,0.0,-88.0,0.0,99776.531
1717256700000000000,2024-06-01T15:45:00+00:00,BTCUSDT-PERP.BINANCE,67728.2,99776.531,0.0,-88.0,0.0,99776.531
1717257600000000000,2024-06-01T16:00:00+00:00,BTCUSDT-PERP.BINANCE,67717.0,99776.531,0.0,-88.0,0.0,99776.531
1717258500000000000,2024-06-01T16:15:00+00:00,BTCUSDT-PERP.BINANCE,67758.0,167500.652,-1.0,-88.0,0.0,99742.652
1717259400000000000,2024-06-01T16:30:00+00:00,BTCUSDT-PERP.BINANCE,67732.9,167500.652,-1.0,-88.0,25.1,99767.752
1717260300000000000,2024-06-01T16:45:00+00:00,BTCUSDT-PERP.BINANCE,67740.0,167500.652,-1.0,-88.0,18.0,99760.652
1717261200000000000,2024-06-01T17:00:00+00:00,BTCUSDT-PERP.BINANCE,67685.3,167500.652,-1.0,-88.0,72.7,99815.352
1717262100000000000,2024-06-01T17:15:00+00:00,BTCUSDT-PERP.BINANCE,67723.1,167500.652,-1.0,-88.0,34.9,99777.552
1717263000000000000,2024-06-01T17:30:00+00:00,BTCUSDT-PERP.BINANCE,67695.7,167500.652,-1.0,-88.0,62.3,99804.952
1717263900000000000,2024-06-01T17:45:00+00:00,BTCUSDT-PERP.BINANCE,67809.1,167500.652,-1.0,-88.0,-51.1,99691.552
1717264800000000000,2024-06-01T18:00:00+00:00,BTCUSDT-PERP.BINANCE,67787.7,99679.05815,0.0,-117.7,0.0,99679.05815
1717265700000000000,2024-06-01T18:15:00+00:00,BTCUSDT-PERP.BINANCE,67756.6,99679.05815,0.0,-117.7,0.0,99679.05815
1717266600000000000,2024-06-01T18:30:00+00:00,BTCUSDT-PERP.BINANCE,67797.4,99679.05815,0.0,-117.7,0.0,99679.05815
1717267500000000000,2024-06-01T18:45:00+00:00,BTCUSDT-PERP.BINANCE,67782.5,99679.05815,0.0,-117.7,0.0,99679.05815
1717268400000000000,2024-06-01T19:00:00+00:00,BTCUSDT-PERP.BINANCE,67746.7,99679.05815,0.0,-117.7,0.0,99679.05815
1717269300000000000,2024-06-01T19:15:00+00:00,BTCUSDT-PERP.BINANCE,67754.1,99679.05815,0.0,-117.7,0.0,99679.05815
1717270200000000000,2024-06-01T19:30:00+00:00,BTCUSDT-PERP.BINANCE,67811.7,99679.05815,0.0,-117.7,0.0,99679.05815
1717271100000000000,2024-06-01T19:45:00+00:00,BTCUSDT-PERP.BINANCE,67779.7,99679.05815,0.0,-117.7,0.0,99679.05815
1717272000000000000,2024-06-01T20:00:00+00:00,BTCUSDT-PERP.BINANCE,67740.1,99679.05815,0.0,-117.7,0.0,99679.05815
1717272900000000000,2024-06-01T20:15:00+00:00,BTCUSDT-PERP.BINANCE,67783.2,99679.05815,0.0,-117.7,0.0,99679.05815
1717273800000000000,2024-06-01T20:30:00+00:00,BTCUSDT-PERP.BINANCE,67809.3,99679.05815,0.0,-117.7,0.0,99679.05815
1717274700000000000,2024-06-01T20:45:00+00:00,BTCUSDT-PERP.BINANCE,67836.8,99679.05815,0.0,-117.7,0.0,99679.05815
1717275600000000000,2024-06-01T21:00:00+00:00,BTCUSDT-PERP.BINANCE,67752.8,99679.05815,0.0,-117.7,0.0,99679.05815
1717276500000000000,2024-06-01T21:15:00+00:00,BTCUSDT-PERP.BINANCE,67791.1,99679.05815,0.0,-117.7,0.0,99679.05815
1717277400000000000,2024-06-01T21:30:00+00:00,BTCUSDT-PERP.BINANCE,67840.0,99679.05815,0.0,-117.7,0.0,99679.05815
1717278300000000000,2024-06-01T21:45:00+00:00,BTCUSDT-PERP.BINANCE,67787.6,99679.05815,0.0,-117.7,0.0,99679.05815
1717279200000000000,2024-06-01T22:00:00+00:00,BTCUSDT-PERP.BINANCE,67818.9,99679.05815,0.0,-117.7,0.0,99679.05815
1717280100000000000,2024-06-01T22:15:00+00:00,BTCUSDT-PERP.BINANCE,67874.2,99679.05815,0.0,-117.7,0.0,99679.05815
1717281000000000000,2024-06-01T22:30:00+00:00,BTCUSDT-PERP.BINANCE,67807.5,99679.05815,0.0,-117.7,0.0,99679.05815
1717281900000000000,2024-06-01T22:45:00+00:00,BTCUSDT-PERP.BINANCE,67798.3,99679.05815,0.0,-117.7,0.0,99679.05815
1717282800000000000,2024-06-01T23:00:00+00:00,BTCUSDT-PERP.BINANCE,67812.9,99679.05815,0.0,-117.7,0.0,99679.05815
1717283700000000000,2024-06-01T23:15:00+00:00,BTCUSDT-PERP.BINANCE,67783.7,99679.05815,0.0,-117.7,0.0,99679.05815
1717284600000000000,2024-06-01T23:30:00+00:00,BTCUSDT-PERP.BINANCE,67762.3,99679.05815,0.0,-117.7,0.0,99679.05815
1717285500000000000,2024-06-01T23:45:00+00:00,BTCUSDT-PERP.BINANCE,67799.2,99679.05815,0.0,-117.7,0.0,99679.05815
1717286400000000000,2024-06-02T00:00:00+00:00,BTCUSDT-PERP.BINANCE,67790.5,99679.05815,0.0,-117.7,0.0,99679.05815
1717287300000000000,2024-06-02T00:15:00+00:00,BTCUSDT-PERP.BINANCE,67829.8,99679.05815,0.0,-117.7,0.0,99679.05815
1717288200000000000,2024-06-02T00:30:00+00:00,BTCUSDT-PERP.BINANCE,67849.9,99679.05815,0.0,-117.7,0.0,99679.05815
1717289100000000000,2024-06-02T00:45:00+00:00,BTCUSDT-PERP.BINANCE,67922.8,99679.05815,0.0,-117.7,0.0,99679.05815
1717290000000000000,2024-06-02T01:00:00+00:00,BTCUSDT-PERP.BINANCE,67840.5,99679.05815,0.0,-117.7,0.0,99679.05815
1717290900000000000,2024-06-02T01:15:00+00:00,BTCUSDT-PERP.BINANCE,67903.6,99679.05815,0.0,-117.7,0.0,99679.05815
1717291800000000000,2024-06-02T01:30:00+00:00,BTCUSDT-PERP.BINANCE,67849.5,99679.05815,0.0,-117.7,0.0,99679.05815
1717292700000000000,2024-06-02T01:45:00+00:00,BTCUSDT-PERP.BINANCE,67790.0,99679.05815,0.0,-117.7,0.0,99679.05815
1717293600000000000,2024-06-02T02:00:00+00:00,BTCUSDT-PERP.BINANCE,67820.3,99679.05815,0.0,-117.7,0.0,99679.05815
1717294500000000000,2024-06-02T02:15:00+00:00,BTCUSDT-PERP.BINANCE,67790.8,99679.05815,0.0,-117.7,0.0,99679.05815
1717295400000000000,2024-06-02T02:30:00+00:00,BTCUSDT-PERP.BINANCE,67778.0,99679.05815,0.0,-117.7,0.0,99679.05815
1717296300000000000,2024-06-02T02:45:00+00:00,BTCUSDT-PERP.BINANCE,67764.2,167409.37605,-1.0,-117.7,0.0,99645.17605
1717297200000000000,2024-06-02T03:00:00+00:00,BTCUSDT-PERP.BINANCE,67829.9,167409.37605,-1.0,-117.7,-65.7,99579.47605
1717298100000000000,2024-06-02T03:15:00+00:00,BTCUSDT-PERP.BINANCE,67829.8,167409.37605,-1.0,-117.7,-65.6,99579.57605
1717299000000000000,2024-06-02T03:30:00+00:00,BTCUSDT-PERP.BINANCE,67840.1,167409.37605,-1.0,-117.7,-75.9,99569.27605
1717299900000000000,2024-06-02T03:45:00+00:00,BTCUSDT-PERP.BINANCE,67826.1,167409.37605,-1.0,-117.7,-61.9,99583.27605
1717300800000000000,2024-06-02T04:00:00+00:00,BTCUSDT-PERP.BINANCE,67795.8,167409.37605,-1.0,-117.7,-31.6,99613.57605
1717301700000000000,2024-06-02T04:15:00+00:00,BTCUSDT-PERP.BINANCE,67849.9,167409.37605,-1.0,-117.7,-85.7,99559.47605
1717302600000000000,2024-06-02T04:30:00+00:00,BTCUSDT-PERP.BINANCE,67876.0,99499.43805,0.0,-229.5,0.0,99499.43805
1717303500000000000,2024-06-02T04:45:00+00:00,BTCUSDT-PERP.BINANCE,67889.8,99499.43805,0.0,-229.5,0.0,99499.43805
1717304400000000000,2024-06-02T05:00:00+00:00,BTCUSDT-PERP.BINANCE,67859.8,99499.43805,0.0,-229.5,0.0,99499.43805
1717305300000000000,2024-06-02T05:15:00+00:00,BTCUSDT-PERP.BINANCE,67844.0,99499.43805,0.0,-229.5,0.0,99499.43805
1717306200000000000,2024-06-02T05:30:00+00:00,BTCUSDT-PERP.BINANCE,67789.9,99499.43805,0.0,-229.5,0.0,99499.43805
1717307100000000000,2024-06-02T05:45:00+00:00,BTCUSDT-PERP.BINANCE,67746.3,99499.43805,0.0,-229.5,0.0,99499.43805
1717308000000000000,2024-06-02T06:00:00+00:00,BTCUSDT-PERP.BINANCE,67819.6,99499.43805,0.0,-229.5,0.0,99499.43805
1717308900000000000,2024-06-02T06:15:00+00:00,BTCUSDT-PERP.BINANCE,67808.8,99499.43805,0.0,-229.5,0.0,99499.43805
1717309800000000000,2024-06-02T06:30:00+00:00,BTCUSDT-PERP.BINANCE,67816.4,99499.43805,0.0,-229.5,0.0,99499.43805
1717310700000000000,2024-06-02T06:45:00+00:00,BTCUSDT-PERP.BINANCE,67865.1,99499.43805,0.0,-229.5,0.0,99499.43805
1717311600000000000,2024-06-02T07:00:00+00:00,BTCUSDT-PERP.BINANCE,67834.4,99499.43805,0.0,-229.5,0.0,99499.43805
1717312500000000000,2024-06-02T07:15:00+00:00,BTCUSDT-PERP.BINANCE,67774.2,99499.43805,0.0,-229.5,0.0,99499.43805
1717313400000000000,2024-06-02T07:30:00+00:00,BTCUSDT-PERP.BINANCE,67784.0,99499.43805,0.0,-229.5,0.0,99499.43805
1717314300000000000,2024-06-02T07:45:00+00:00,BTCUSDT-PERP.BINANCE,67743.0,99499.43805,0.0,-229.5,0.0,99499.43805
1717315200000000000,2024-06-02T08:00:00+00:00,BTCUSDT-PERP.BINANCE,67795.5,99499.43805,0.0,-229.5,0.0,99499.43805
1717316100000000000,2024-06-02T08:15:00+00:00,BTCUSDT-PERP.BINANCE,67789.4,99499.43805,0.0,-229.5,0.0,99499.43805
1717317000000000000,2024-06-02T08:30:00+00:00,BTCUSDT-PERP.BINANCE,67835.5,99499.43805,0.0,-229.5,0.0,99499.43805
1717317900000000000,2024-06-02T08:45:00+00:00,BTCUSDT-PERP.BINANCE,67790.0,99499.43805,0.0,-229.5,0.0,99499.43805
1717318800000000000,2024-06-02T09:00:00+00:00,BTCUSDT-PERP.BINANCE,67770.3,99499.43805,0.0,-229.5,0.0,99499.43805
1717319700000000000,2024-06-02T09:15:00+00:00,BTCUSDT-PERP.BINANCE,67619.9,99499.43805,0.0,-229.5,0.0,99499.43805
1717320600000000000,2024-06-02T09:30:00+00:00,BTCUSDT-PERP.BINANCE,67463.4,99499.43805,0.0,-229.5,0.0,99499.43805
1717321500000000000,2024-06-02T09:45:00+00:00,BTCUSDT-PERP.BINANCE,67573.9,99499.43805,0.0,-229.5,0.0,99499.43805
1717322400000000000,2024-06-02T10:00:00+00:00,BTCUSDT-PERP.BINANCE,67526.0,99499.43805,0.0,-229.5,0.0,99499.43805
1717323300000000000,2024-06-02T10:15:00+00:00,BTCUSDT-PERP.BINANCE,67549.5,99499.43805,0.0,-229.5,0.0,99499.43805
1717324200000000000,2024-06-02T10:30:00+00:00,BTCUSDT-PERP.BINANCE,67587.9,99499.43805,0.0,-229.5,0.0,99499.43805
1717325100000000000,2024-06-02T10:45:00+00:00,BTCUSDT-PERP.BINANCE,67577.4,99499.43805,0.0,-229.5,0.0,99499.43805
1717326000000000000,2024-06-02T11:00:00+00:00,BTCUSDT-PERP.BINANCE,67579.2,99499.43805,0.0,-229.5,0.0,99499.43805
1717326900000000000,2024-06-02T11:15:00+00:00,BTCUSDT-PERP.BINANCE,67662.7,99499.43805,0.0,-229.5,0.0,99499.43805
1717327800000000000,2024-06-02T11:30:00+00:00,BTCUSDT-PERP.BINANCE,67746.7,99499.43805,0.0,-229.5,0.0,99499.43805
1717328700000000000,2024-06-02T11:45:00+00:00,BTCUSDT-PERP.BINANCE,68284.1,99499.43805,0.0,-229.5,0.0,99499.43805
1717329600000000000,2024-06-02T12:00:00+00:00,BTCUSDT-PERP.BINANCE,68190.3,99499.43805,0.0,-229.5,0.0,99499.43805
1717330500000000000,2024-06-02T12:15:00+00:00,BTCUSDT-PERP.BINANCE,68130.0,99499.43805,0.0,-229.5,0.0,99499.43805
1717331400000000000,2024-06-02T12:30:00+00:00,BTCUSDT-PERP.BINANCE,68111.7,99499.43805,0.0,-229.5,0.0,99499.43805
1717332300000000000,2024-06-02T12:45:00+00:00,BTCUSDT-PERP.BINANCE,67979.4,99499.43805,0.0,-229.5,0.0,99499.43805
1717333200000000000,2024-06-02T13:00:00+00:00,BTCUSDT-PERP.BINANCE,67984.9,99499.43805,0.0,-229.5,0.0,99499.43805
1717334100000000000,2024-06-02T13:15:00+00:00,BTCUSDT-PERP.BINANCE,68108.0,99499.43805,0.0,-229.5,0.0,99499.43805
1717335000000000000,2024-06-02T13:30:00+00:00,BTCUSDT-PERP.BINANCE,68109.4,99499.43805,0.0,-229.5,0.0,99499.43805
1717335900000000000,2024-06-02T13:45:00+00:00,BTCUSDT-PERP.BINANCE,68200.0,99499.43805,0.0,-229.5,0.0,99499.43805
1717336800000000000,2024-06-02T14:00:00+00:00,BTCUSDT-PERP.BINANCE,68179.7,99499.43805,0.0,-229.5,0.0,99499.43805
1717337700000000000,2024-06-02T14:15:00+00:00,BTCUSDT-PERP.BINANCE,68399.5,99499.43805,0.0,-229.5,0.0,99499.43805
1717338600000000000,2024-06-02T14:30:00+00:00,BTCUSDT-PERP.BINANCE,68240.5,99499.43805,0.0,-229.5,0.0,99499.43805
1717339500000000000,2024-06-02T14:45:00+00:00,BTCUSDT-PERP.BINANCE,68295.5,99499.43805,0.0,-229.5,0.0,99499.43805
1717340400000000000,2024-06-02T15:00:00+00:00,BTCUSDT-PERP.BINANCE,68170.0,99499.43805,0.0,-229.5,0.0,99499.43805
1717341300000000000,2024-06-02T15:15:00+00:00,BTCUSDT-PERP.BINANCE,68111.0,99499.43805,0.0,-229.5,0.0,99499.43805
1717342200000000000,2024-06-02T15:30:00+00:00,BTCUSDT-PERP.BINANCE,68139.2,99499.43805,0.0,-229.5,0.0,99499.43805
1717343100000000000,2024-06-02T15:45:00+00:00,BTCUSDT-PERP.BINANCE,68189.8,99499.43805,0.0,-229.5,0.0,99499.43805
1717344000000000000,2024-06-02T16:00:00+00:00,BTCUSDT-PERP.BINANCE,68129.0,99499.43805,0.0,-229.5,0.0,99499.43805
1717344900000000000,2024-06-02T16:15:00+00:00,BTCUSDT-PERP.BINANCE,68096.8,99499.43805,0.0,-229.5,0.0,99499.43805
1717345800000000000,2024-06-02T16:30:00+00:00,BTCUSDT-PERP.BINANCE,68073.5,99499.43805,0.0,-229.5,0.0,99499.43805
1717346700000000000,2024-06-02T16:45:00+00:00,BTCUSDT-PERP.BINANCE,68145.8,99499.43805,0.0,-229.5,0.0,99499.43805
1717347600000000000,2024-06-02T17:00:00+00:00,BTCUSDT-PERP.BINANCE,68076.6,99499.43805,0.0,-229.5,0.0,99499.43805
1717348500000000000,2024-06-02T17:15:00+00:00,BTCUSDT-PERP.BINANCE,67985.4,99499.43805,0.0,-229.5,0.0,99499.43805
1717349400000000000,2024-06-02T17:30:00+00:00,BTCUSDT-PERP.BINANCE,68051.4,99499.43805,0.0,-229.5,0.0,99499.43805
1717350300000000000,2024-06-02T17:45:00+00:00,BTCUSDT-PERP.BINANCE,67921.8,99499.43805,0.0,-229.5,0.0,99499.43805
1717351200000000000,2024-06-02T18:00:00+00:00,BTCUSDT-PERP.BINANCE,67729.9,99499.43805,0.0,-229.5,0.0,99499.43805
1717352100000000000,2024-06-02T18:15:00+00:00,BTCUSDT-PERP.BINANCE,67630.9,167096.5226,-1.0,-229.5,0.0,99465.6226
1717353000000000000,2024-06-02T18:30:00+00:00,BTCUSDT-PERP.BINANCE,67812.6,167096.5226,-1.0,-229.5,-181.7,99283.9226
1717353900000000000,2024-06-02T18:45:00+00:00,BTCUSDT-PERP.BINANCE,67751.2,167096.5226,-1.0,-229.5,-120.3,99345.3226
1717354800000000000,2024-06-02T19:00:00+00:00,BTCUSDT-PERP.BINANCE,67698.8,167096.5226,-1.0,-229.5,-67.9,99397.7226
1717355700000000000,2024-06-02T19:15:00+00:00,BTCUSDT-PERP.BINANCE,67624.9,167096.5226,-1.0,-229.5,6.0,99471.6226
1717356600000000000,2024-06-02T19:30:00+00:00,BTCUSDT-PERP.BINANCE,67742.5,167096.5226,-1.0,-229.5,-111.6,99354.0226
1717357500000000000,2024-06-02T19:45:00+00:00,BTCUSDT-PERP.BINANCE,67765.3,167096.5226,-1.0,-229.5,-134.4,99331.2226
1717358400000000000,2024-06-02T20:00:00+00:00,BTCUSDT-PERP.BINANCE,67707.6,167096.5226,-1.0,-229.5,-76.7,99388.9226
1717359300000000000,2024-06-02T20:15:00+00:00,BTCUSDT-PERP.BINANCE,67727.9,167096.5226,-1.0,-229.5,-97.0,99368.6226
1717360200000000000,2024-06-02T20:30:00+00:00,BTCUSDT-PERP.BINANCE,67802.9,167096.5226,-1.0,-229.5,-172.0,99293.6226
1717361100000000000,2024-06-02T20:45:00+00:00,BTCUSDT-PERP.BINANCE,67874.0,167096.5226,-1.0,-229.5,-243.1,99222.5226
1717362000000000000,2024-06-02T21:00:00+00:00,BTCUSDT-PERP.BINANCE,67920.0,167096.5226,-1.0,-229.5,-289.1,99176.5226
1717362900000000000,2024-06-02T21:15:00+00:00,BTCUSDT-PERP.BINANCE,67876.1,167096.5226,-1.0,-229.5,-245.2,99220.4226
1717363800000000000,2024-06-02T21:30:00+00:00,BTCUSDT-PERP.BINANCE,67911.4,167096.5226,-1.0,-229.5,-280.5,99185.1226
1717364700000000000,2024-06-02T21:45:00+00:00,BTCUSDT-PERP.BINANCE,67848.7,167096.5226,-1.0,-229.5,-217.8,99247.8226
1717365600000000000,2024-06-02T22:00:00+00:00,BTCUSDT-PERP.BINANCE,67880.7,167096.5226,-1.0,-229.5,-249.8,99215.8226
1717366500000000000,2024-06-02T22:15:00+00:00,BTCUSDT-PERP.BINANCE,67994.7,167096.5226,-1.0,-229.5,-363.8,99101.8226
1717367400000000000,2024-06-02T22:30:00+00:00,BTCUSDT-PERP.BINANCE,67937.9,167096.5226,-1.0,-229.5,-307.0,99158.6226
1717368300000000000,2024-06-02T22:45:00+00:00,BTCUSDT-PERP.BINANCE,67977.8,167096.5226,-1.0,-229.5,-346.9,99118.7226
1717369200000000000,2024-06-02T23:00:00+00:00,BTCUSDT-PERP.BINANCE,67936.3,167096.5226,-1.0,-229.5,-305.4,99160.2226
1717370100000000000,2024-06-02T23:15:00+00:00,BTCUSDT-PERP.BINANCE,67937.5,167096.5226,-1.0,-229.5,-306.6,99159.0226
1717371000000000000,2024-06-02T23:30:00+00:00,BTCUSDT-PERP.BINANCE,67889.5,167096.5226,-1.0,-229.5,-258.6,99207.0226
1717371900000000000,2024-06-02T23:45:00+00:00,BTCUSDT-PERP.BINANCE,67805.9,167096.5226,-1.0,-229.5,-175.0,99290.6226
1717372800000000000,2024-06-03T00:00:00+00:00,BTCUSDT-PERP.BINANCE,67876.5,167096.5226,-1.0,-229.5,-245.6,99220.0226
1717373700000000000,2024-06-03T00:15:00+00:00,BTCUSDT-PERP.BINANCE,67714.5,167096.5226,-1.0,-229.5,-83.6,99382.0226
1717374600000000000,2024-06-03T00:30:00+00:00,BTCUSDT-PERP.BINANCE,67722.0,167096.5226,-1.0,-229.5,-91.1,99374.5226
1717375500000000000,2024-06-03T00:45:00+00:00,BTCUSDT-PERP.BINANCE,67863.6,167096.5226,-1.0,-229.5,-232.7,99232.9226
1717376400000000000,2024-06-03T01:00:00+00:00,BTCUSDT-PERP.BINANCE,68184.0,167096.5226,-1.0,-229.5,-553.1,98912.5226
1717377300000000000,2024-06-03T01:15:00+00:00,BTCUSDT-PERP.BINANCE,68263.0,98799.3911,0.0,-861.6,0.0,98799.3911
1717378200000000000,2024-06-03T01:30:00+00:00,BTCUSDT-PERP.BINANCE,68213.3,98799.3911,0.0,-861.6,0.0,98799.3911
1717379100000000000,2024-06-03T01:45:00+00:00,BTCUSDT-PERP.BINANCE,68521.5,98799.3911,0.0,-861.6,0.0,98799.3911
1717380000000000000,2024-06-03T02:00:00+00:00,BTCUSDT-PERP.BINANCE,68733.9,98799.3911,0.0,-861.6,0.0,98799.3911
1717380900000000000,2024-06-03T02:15:00+00:00,BTCUSDT-PERP.BINANCE,68665.8,98799.3911,0.0,-861.6,0.0,98799.3911
1717381800000000000,2024-06-03T02:30:00+00:00,BTCUSDT-PERP.BINANCE,68504.9,98799.3911,0.0,-861.6,0.0,98799.3911
1717382700000000000,2024-06-03T02:45:00+00:00,BTCUSDT-PERP.BINANCE,68460.4,98799.3911,0.0,-861.6,0.0,98799.3911
1717383600000000000,2024-06-03T03:00:00+00:00,BTCUSDT-PERP.BINANCE,68333.0,98799.3911,0.0,-861.6,0.0,98799.3911
1717384500000000000,2024-06-03T03:15:00+00:00,BTCUSDT-PERP.BINANCE,68367.9,98799.3911,0.0,-861.6,0.0,98799.3911
1717385400000000000,2024-06-03T03:30:00+00:00,BTCUSDT-PERP.BINANCE,68481.0,98799.3911,0.0,-861.6,0.0,98799.3911
1717386300000000000,2024-06-03T03:45:00+00:00,BTCUSDT-PERP.BINANCE,68435.9,98799.3911,0.0,-861.6,0.0,98799.3911
1717387200000000000,2024-06-03T04:00:00+00:00,BTCUSDT-PERP.BINANCE,68380.0,98799.3911,0.0,-861.6,0.0,98799.3911
1717388100000000000,2024-06-03T04:15:00+00:00,BTCUSDT-PERP.BINANCE,68378.7,98799.3911,0.0,-861.6,0.0,98799.3911
1717389000000000000,2024-06-03T04:30:00+00:00,BTCUSDT-PERP.BINANCE,68475.4,98799.3911,0.0,-861.6,0.0,98799.3911
1717389900000000000,2024-06-03T04:45:00+00:00,BTCUSDT-PERP.BINANCE,68553.5,98799.3911,0.0,-861.6,0.0,98799.3911
1717390800000000000,2024-06-03T05:00:00+00:00,BTCUSDT-PERP.BINANCE,68549.3,98799.3911,0.0,-861.6,0.0,98799.3911
1717391700000000000,2024-06-03T05:15:00+00:00,BTCUSDT-PERP.BINANCE,68639.7,98799.3911,0.0,-861.6,0.0,98799.3911
1717392600000000000,2024-06-03T05:30:00+00:00,BTCUSDT-PERP.BINANCE,68802.8,98799.3911,0.0,-861.6,0.0,98799.3911
1717393500000000000,2024-06-03T05:45:00+00:00,BTCUSDT-PERP.BINANCE,68746.8,98799.3911,0.0,-861.6,0.0,98799.3911
1717394400000000000,2024-06-03T06:00:00+00:00,BTCUSDT-PERP.BINANCE,68879.3,98799.3911,0.0,-861.6,0.0,98799.3911
1717395300000000000,2024-06-03T06:15:00+00:00,BTCUSDT-PERP.BINANCE,69148.5,98799.3911,0.0,-861.6,0.0,98799.3911
1717396200000000000,2024-06-03T06:30:00+00:00,BTCUSDT-PERP.BINANCE,69209.0,98799.3911,0.0,-861.6,0.0,98799.3911
1717397100000000000,2024-06-03T06:45:00+00:00,BTCUSDT-PERP.BINANCE,69101.4,98799.3911,0.0,-861.6,0.0,98799.3911
1717398000000000000,2024-06-03T07:00:00+00:00,BTCUSDT-PERP.BINANCE,69162.3,98799.3911,0.0,-861.6,0.0,98799.3911
1717398900000000000,2024-06-03T07:15:00+00:00,BTCUSDT-PERP.BINANCE,68928.1,98799.3911,0.0,-861.6,0.0,98799.3911
1717399800000000000,2024-06-03T07:30:00+00:00,BTCUSDT-PERP.BINANCE,68962.6,98799.3911,0.0,-861.6,0.0,98799.3911
1717400700000000000,2024-06-03T07:45:00+00:00,BTCUSDT-PERP.BINANCE,68949.9,98799.3911,0.0,-861.6,0.0,98799.3911
1717401600000000000,2024-06-03T08:00:00+00:00,BTCUSDT-PERP.BINANCE,69077.9,98799.3911,0.0,-861.6,0.0,98799.3911
1717402500000000000,2024-06-03T08:15:00+00:00,BTCUSDT-PERP.BINANCE,69312.7,98799.3911,0.0,-861.6,0.0,98799.3911
1717403400000000000,2024-06-03T08:30:00+00:00,BTCUSDT-PERP.BINANCE,69336.0,98799.3911,0.0,-861.6,0.0,98799.3911
1717404300000000000,2024-06-03T08:45:00+00:00,BTCUSDT-PERP.BINANCE,69177.4,98799.3911,0.0,-861.6,0.0,98799.3911
1717405200000000000,2024-06-03T09:00:00+00:00,BTCUSDT-PERP.BINANCE,69134.4,98799.3911,0.0,-861.6,0.0,98799.3911
1717406100000000000,2024-06-03T09:15:00+00:00,BTCUSDT-PERP.BINANCE,69048.0,98799.3911,0.0,-861.6,0.0,98799.3911
1717407000000000000,2024-06-03T09:30:00+00:00,BTCUSDT-PERP.BINANCE,69076.1,98799.3911,0.0,-861.6,0.0,98799.3911
1717407900000000000,2024-06-03T09:45:00+00:00,BTCUSDT-PERP.BINANCE,69050.0,98799.3911,0.0,-861.6,0.0,98799.3911
1717408800000000000,2024-06-03T10:00:00+00:00,BTCUSDT-PERP.BINANCE,69121.1,98799.3911,0.0,-861.6,0.0,98799.3911
1717409700000000000,2024-06-03T10:15:00+00:00,BTCUSDT-PERP.BINANCE,69213.5,98799.3911,0.0,-861.6,0.0,98799.3911
1717410600000000000,2024-06-03T10:30:00+00:00,BTCUSDT-PERP.BINANCE,69150.5,98799.3911,0.0,-861.6,0.0,98799.3911
1717411500000000000,2024-06-03T10:45:00+00:00,BTCUSDT-PERP.BINANCE,68958.0,98799.3911,0.0,-861.6,0.0,98799.3911
1717412400000000000,2024-06-03T11:00:00+00:00,BTCUSDT-PERP.BINANCE,69110.3,98799.3911,0.0,-861.6,0.0,98799.3911
1717413300000000000,2024-06-03T11:15:00+00:00,BTCUSDT-PERP.BINANCE,69246.8,98799.3911,0.0,-861.6,0.0,98799.3911
1717414200000000000,2024-06-03T11:30:00+00:00,BTCUSDT-PERP.BINANCE,69153.2,98799.3911,0.0,-861.6,0.0,98799.3911
1717415100000000000,2024-06-03T11:45:00+00:00,BTCUSDT-PERP.BINANCE,69125.5,98799.3911,0.0,-861.6,0.0,98799.3911
1717416000000000000,2024-06-03T12:00:00+00:00,BTCUSDT-PERP.BINANCE,69288.2,98799.3911,0.0,-861.6,0.0,98799.3911
1717416900000000000,2024-06-03T12:15:00+00:00,BTCUSDT-PERP.BINANCE,69449.7,98799.3911,0.0,-861.6,0.0,98799.3911
1717417800000000000,2024-06-03T12:30:00+00:00,BTCUSDT-PERP.BINANCE,69700.0,98799.3911,0.0,-861.6,0.0,98799.3911
1717418700000000000,2024-06-03T12:45:00+00:00,BTCUSDT-PERP.BINANCE,69792.7,98799.3911,0.0,-861.6,0.0,98799.3911
1717419600000000000,2024-06-03T13:00:00+00:00,BTCUSDT-PERP.BINANCE,69602.8,98799.3911,0.0,-861.6,0.0,98799.3911
1717420500000000000,2024-06-03T13:15:00+00:00,BTCUSDT-PERP.BINANCE,69722.3,98799.3911,0.0,-861.6,0.0,98799.3911
1717421400000000000,2024-06-03T13:30:00+00:00,BTCUSDT-PERP.BINANCE,70024.9,98799.3911,0.0,-861.6,0.0,98799.3911
1717422300000000000,2024-06-03T13:45:00+00:00,BTCUSDT-PERP.BINANCE,69830.1,98799.3911,0.0,-861.6,0.0,98799.3911
1717423200000000000,2024-06-03T14:00:00+00:00,BTCUSDT-PERP.BINANCE,70100.6,98799.3911,0.0,-861.6,0.0,98799.3911
1717424100000000000,2024-06-03T14:15:00+00:00,BTCUSDT-PERP.BINANCE,69856.0,98799.3911,0.0,-861.6,0.0,98799.3911
1717425000000000000,2024-06-03T14:30:00+00:00,BTCUSDT-PERP.BINANCE,69244.6,98799.3911,0.0,-861.6,0.0,98799.3911
1717425900000000000,2024-06-03T14:45:00+00:00,BTCUSDT-PERP.BINANCE,68820.1,98799.3911,0.0,-861.6,0.0,98799.3911
1717426800000000000,2024-06-03T15:00:00+00:00,BTCUSDT-PERP.BINANCE,69189.1,98799.3911,0.0,-861.6,0.0,98799.3911
1717427700000000000,2024-06-03T15:15:00+00:00,BTCUSDT-PERP.BINANCE,69174.1,98799.3911,0.0,-861.6,0.0,98799.3911
1717428600000000000,2024-06-03T15:30:00+00:00,BTCUSDT-PERP.BINANCE,69273.4,98799.3911,0.0,-861.6,0.0,98799.3911
1717429500000000000,2024-06-03T15:45:00+00:00,BTCUSDT-PERP.BINANCE,69650.0,98799.3911,0.0,-861.6,0.0,98799.3911
1717430400000000000,2024-06-03T16:00:00+00:00,BTCUSDT-PERP.BINANCE,69395.9,98799.3911,0.0,-861.6,0.0,98799.3911
1717431300000000000,2024-06-03T16:15:00+00:00,BTCUSDT-PERP.BINANCE,69290.5,98799.3911,0.0,-861.6,0.0,98799.3911
1717432200000000000,2024-06-03T16:30:00+00:00,BTCUSDT-PERP.BINANCE,69199.9,98799.3911,0.0,-861.6,0.0,98799.3911
1717433100000000000,2024-06-03T16:45:00+00:00,BTCUSDT-PERP.BINANCE,69122.2,98799.3911,0.0,-861.6,0.0,98799.3911
1717434000000000000,2024-06-03T17:00:00+00:00,BTCUSDT-PERP.BINANCE,69118.2,98799.3911,0.0,-861.6,0.0,98799.3911
1717434900000000000,2024-06-03T17:15:00+00:00,BTCUSDT-PERP.BINANCE,69206.6,98799.3911,0.0,-861.6,0.0,98799.3911
1717435800000000000,2024-06-03T17:30:00+00:00,BTCUSDT-PERP.BINANCE,69385.4,98799.3911,0.0,-861.6,0.0,98799.3911
1717436700000000000,2024-06-03T17:45:00+00:00,BTCUSDT-PERP.BINANCE,69309.9,98799.3911,0.0,-861.6,0.0,98799.3911
1717437600000000000,2024-06-03T18:00:00+00:00,BTCUSDT-PERP.BINANCE,69208.2,98799.3911,0.0,-861.6,0.0,98799.3911
1717438500000000000,2024-06-03T18:15:00+00:00,BTCUSDT-PERP.BINANCE,69335.5,98799.3911,0.0,-861.6,0.0,98799.3911
1717439400000000000,2024-06-03T18:30:00+00:00,BTCUSDT-PERP.BINANCE,69416.1,98799.3911,0.0,-861.6,0.0,98799.3911
1717440300000000000,2024-06-03T18:45:00+00:00,BTCUSDT-PERP.BINANCE,69338.5,98799.3911,0.0,-861.6,0.0,98799.3911
1717441200000000000,2024-06-03T19:00:00+00:00,BTCUSDT-PERP.BINANCE,69171.6,98799.3911,0.0,-861.6,0.0,98799.3911
1717442100000000000,2024-06-03T19:15:00+00:00,BTCUSDT-PERP.BINANCE,69169.7,98799.3911,0.0,-861.6,0.0,98799.3911
1717443000000000000,2024-06-03T19:30:00+00:00,BTCUSDT-PERP.BINANCE,69106.5,98799.3911,0.0,-861.6,0.0,98799.3911
1717443900000000000,2024-06-03T19:45:00+00:00,BTCUSDT-PERP.BINANCE,69257.2,98799.3911,0.0,-861.6,0.0,98799.3911
1717444800000000000,2024-06-03T20:00:00+00:00,BTCUSDT-PERP.BINANCE,69478.1,98799.3911,0.0,-861.6,0.0,98799.3911
1717445700000000000,2024-06-03T20:15:00+00:00,BTCUSDT-PERP.BINANCE,69448.0,98799.3911,0.0,-861.6,0.0,98799.3911
1717446600000000000,2024-06-03T20:30:00+00:00,BTCUSDT-PERP.BINANCE,69297.5,98799.3911,0.0,-861.6,0.0,98799.3911
1717447500000000000,2024-06-03T20:45:00+00:00,BTCUSDT-PERP.BINANCE,69150.2,98799.3911,0.0,-861.6,0.0,98799.3911
1717448400000000000,2024-06-03T21:00:00+00:00,BTCUSDT-PERP.BINANCE,69068.9,98799.3911,0.0,-861.6,0.0,98799.3911
1717449300000000000,2024-06-03T21:15:00+00:00,BTCUSDT-PERP.BINANCE,69084.1,98799.3911,0.0,-861.6,0.0,98799.3911
1717450200000000000,2024-06-03T21:30:00+00:00,BTCUSDT-PERP.BINANCE,69180.7,98799.3911,0.0,-861.6,0.0,98799.3911
1717451100000000000,2024-06-03T21:45:00+00:00,BTCUSDT-PERP.BINANCE,69129.1,98799.3911,0.0,-861.6,0.0,98799.3911
1717452000000000000,2024-06-03T22:00:00+00:00,BTCUSDT-PERP.BINANCE,68917.9,98799.3911,0.0,-861.6,0.0,98799.3911
1717452900000000000,2024-06-03T22:15:00+00:00,BTCUSDT-PERP.BINANCE,69005.1,98799.3911,0.0,-861.6,0.0,98799.3911
1717453800000000000,2024-06-03T22:30:00+00:00,BTCUSDT-PERP.BINANCE,69107.1,98799.3911,0.0,-861.6,0.0,98799.3911
1717454700000000000,2024-06-03T22:45:00+00:00,BTCUSDT-PERP.BINANCE,69088.2,98799.3911,0.0,-861.6,0.0,98799.3911
1717455600000000000,2024-06-03T23:00:00+00:00,BTCUSDT-PERP.BINANCE,69001.8,98799.3911,0.0,-861.6,0.0,98799.3911
1717456500000000000,2024-06-03T23:15:00+00:00,BTCUSDT-PERP.BINANCE,68923.2,98799.3911,0.0,-861.6,0.0,98799.3911
1717457400000000000,2024-06-03T23:30:00+00:00,BTCUSDT-PERP.BINANCE,68799.3,98799.3911,0.0,-861.6,0.0,98799.3911
1717458300000000000,2024-06-03T23:45:00+00:00,BTCUSDT-PERP.BINANCE,68851.4,98799.3911,0.0,-861.6,0.0,98799.3911
1717459200000000000,2024-06-04T00:00:00+00:00,BTCUSDT-PERP.BINANCE,68890.5,98799.3911,0.0,-861.6,0.0,98799.3911
1717460100000000000,2024-06-04T00:15:00+00:00,BTCUSDT-PERP.BINANCE,68827.0,98799.3911,0.0,-861.6,0.0,98799.3911
1717461000000000000,2024-06-04T00:30:00+00:00,BTCUSDT-PERP.BINANCE,69038.8,98799.3911,0.0,-861.6,0.0,98799.3911
1717461900000000000,2024-06-04T00:45:00+00:00,BTCUSDT-PERP.BINANCE,69041.1,98799.3911,0.0,-861.6,0.0,98799.3911
1717462800000000000,2024-06-04T01:00:00+00:00,BTCUSDT-PERP.BINANCE,69104.6,98799.3911,0.0,-861.6,0.0,98799.3911
1717463700000000000,2024-06-04T01:15:00+00:00,BTCUSDT-PERP.BINANCE,69053.8,98799.3911,0.0,-861.6,0.0,98799.3911
1717464600000000000,2024-06-04T01:30:00+00:00,BTCUSDT-PERP.BINANCE,69116.8,98799.3911,0.0,-861.6,0.0,98799.3911
1717465500000000000,2024-06-04T01:45:00+00:00,BTCUSDT-PERP.BINANCE,69259.9,98799.3911,0.0,-861.6,0.0,98799.3911
1717466400000000000,2024-06-04T02:00:00+00:00,BTCUSDT-PERP.BINANCE,69302.2,98799.3911,0.0,-861.6,0.0,98799.3911
1717467300000000000,2024-06-04T02:15:00+00:00,BTCUSDT-PERP.BINANCE,69297.7,98799.3911,0.0,-861.6,0.0,98799.3911
1717468200000000000,2024-06-04T02:30:00+00:00,BTCUSDT-PERP.BINANCE,69175.0,98799.3911,0.0,-861.6,0.0,98799.3911
1717469100000000000,2024-06-04T02:45:00+00:00,BTCUSDT-PERP.BINANCE,69176.0,98799.3911,0.0,-861.6,0.0,98799.3911
1717470000000000000,2024-06-04T03:00:00+00:00,BTCUSDT-PERP.BINANCE,69371.5,98799.3911,0.0,-861.6,0.0,98799.3911
1717470900000000000,2024-06-04T03:15:00+00:00,BTCUSDT-PERP.BINANCE,69250.2,98799.3911,0.0,-861.6,0.0,98799.3911
1717471800000000000,2024-06-04T03:30:00+00:00,BTCUSDT-PERP.BINANCE,69266.6,98799.3911,0.0,-861.6,0.0,98799.3911
1717472700000000000,2024-06-04T03:45:00+00:00,BTCUSDT-PERP.BINANCE,69199.1,98799.3911,0.0,-861.6,0.0,98799.3911
1717473600000000000,2024-06-04T04:00:00+00:00,BTCUSDT-PERP.BINANCE,69288.0,98799.3911,0.0,-861.6,0.0,98799.3911
1717474500000000000,2024-06-04T04:15:00+00:00,BTCUSDT-PERP.BINANCE,69265.0,98799.3911,0.0,-861.6,0.0,98799.3911
1717475400000000000,2024-06-04T04:30:00+00:00,BTCUSDT-PERP.BINANCE,69201.8,98799.3911,0.0,-861.6,0.0,98799.3911
1717476300000000000,2024-06-04T04:45:00+00:00,BTCUSDT-PERP.BINANCE,69097.2,98799.3911,0.0,-861.6,0.0,98799.3911
1717477200000000000,2024-06-04T05:00:00+00:00,BTCUSDT-PERP.BINANCE,69155.0,98799.3911,0.0,-861.6,0.0,98799.3911
1717478100000000000,2024-06-04T05:15:00+00:00,BTCUSDT-PERP.BINANCE,69150.0,98799.3911,0.0,-861.6,0.0,98799.3911
1717479000000000000,2024-06-04T05:30:00+00:00,BTCUSDT-PERP.BINANCE,69036.0,167800.8731,-1.0,-861.6,0.0,98764.8731
1717479900000000000,2024-06-04T05:45:00+00:00,BTCUSDT-PERP.BINANCE,68995.4,167800.8731,-1.0,-861.6,40.6,98805.4731
1717480800000000000,2024-06-04T06:00:00+00:00,BTCUSDT-PERP.BINANCE,68926.2,167800.8731,-1.0,-861.6,109.8,98874.6731
1717481700000000000,2024-06-04T06:15:00+00:00,BTCUSDT-PERP.BINANCE,68992.9,167800.8731,-1.0,-861.6,43.1,98807.9731
1717482600000000000,2024-06-04T06:30:00+00:00,BTCUSDT-PERP.BINANCE,68947.0,167800.8731,-1.0,-861.6,89.0,98853.8731
1717483500000000000,2024-06-04T06:45:00+00:00,BTCUSDT-PERP.BINANCE,68939.9,167800.8731,-1.0,-861.6,96.1,98860.9731
1717484400000000000,2024-06-04T07:00:00+00:00,BTCUSDT-PERP.BINANCE,69102.1,167800.8731,-1.0,-861.6,-66.1,98698.7731
1717485300000000000,2024-06-04T07:15:00+00:00,BTCUSDT-PERP.BINANCE,69040.1,167800.8731,-1.0,-861.6,-4.1,98760.7731
1717486200000000000,2024-06-04T07:30:00+00:00,BTCUSDT-PERP.BINANCE,69033.2,167800.8731,-1.0,-861.6,2.8,98767.6731
1717487100000000000,2024-06-04T07:45:00+00:00,BTCUSDT-PERP.BINANCE,69054.7,167800.8731,-1.0,-861.6,-18.7,98746.1731
1717488000000000000,2024-06-04T08:00:00+00:00,BTCUSDT-PERP.BINANCE,69149.9,167800.8731,-1.0,-861.6,-113.9,98650.9731
1717488900000000000,2024-06-04T08:15:00+00:00,BTCUSDT-PERP.BINANCE,69154.8,167800.8731,-1.0,-861.6,-118.8,98646.0731
1717489800000000000,2024-06-04T08:30:00+00:00,BTCUSDT-PERP.BINANCE,69130.0,167800.8731,-1.0,-861.6,-94.0,98670.8731
1717490700000000000,2024-06-04T08:45:00+00:00,BTCUSDT-PERP.BINANCE,68873.7,167800.8731,-1.0,-861.6,162.3,98927.1731
1717491600000000000,2024-06-04T09:00:00+00:00,BTCUSDT-PERP.BINANCE,68814.5,167800.8731,-1.0,-861.6,221.5,98986.3731
1717492500000000000,2024-06-04T09:15:00+00:00,BTCUSDT-PERP.BINANCE,68743.9,167800.8731,-1.0,-861.6,292.1,99056.9731
1717493400000000000,2024-06-04T09:30:00+00:00,BTCUSDT-PERP.BINANCE,68757.6,167800.8731,-1.0,-861.6,278.4,99043.2731
1717494300000000000,2024-06-04T09:45:00+00:00,BTCUSDT-PERP.BINANCE,68752.5,167800.8731,-1.0,-861.6,283.5,99048.3731
1717495200000000000,2024-06-04T10:00:00+00:00,BTCUSDT-PERP.BINANCE,68870.9,167800.8731,-1.0,-861.6,165.1,98929.9731
1717496100000000000,2024-06-04T10:15:00+00:00,BTCUSDT-PERP.BINANCE,68841.8,167800.8731,-1.0,-861.6,194.2,98959.0731
1717497000000000000,2024-06-04T10:30:00+00:00,BTCUSDT-PERP.BINANCE,68979.9,167800.8731,-1.0,-861.6,56.1,98820.9731
1717497900000000000,2024-06-04T10:45:00+00:00,BTCUSDT-PERP.BINANCE,68930.1,167800.8731,-1.0,-861.6,105.9,98870.7731
1717498800000000000,2024-06-04T11:00:00+00:00,BTCUSDT-PERP.BINANCE,68932.9,167800.8731,-1.0,-861.6,103.1,98867.9731
1717499700000000000,2024-06-04T11:15:00+00:00,BTCUSDT-PERP.BINANCE,68974.5,167800.8731,-1.0,-861.6,61.5,98826.3731
1717500600000000000,2024-06-04T11:30:00+00:00,BTCUSDT-PERP.BINANCE,68936.0,167800.8731,-1.0,-861.6,100.0,98864.8731
1717501500000000000,2024-06-04T11:45:00+00:00,BTCUSDT-PERP.BINANCE,68992.8,167800.8731,-1.0,-861.6,43.2,98808.0731
1717502400000000000,2024-06-04T12:00:00+00:00,BTCUSDT-PERP.BINANCE,69011.0,167800.8731,-1.0,-861.6,25.0,98789.8731
1717503300000000000,2024-06-04T12:15:00+00:00,BTCUSDT-PERP.BINANCE,69095.6,167800.8731,-1.0,-861.6,-59.6,98705.2731
1717504200000000000,2024-06-04T12:30:00+00:00,BTCUSDT-PERP.BINANCE,69111.3,167800.8731,-1.0,-861.6,-75.3,98689.5731
1717505100000000000,2024-06-04T12:45:00+00:00,BTCUSDT-PERP.BINANCE,68989.5,98776.87835,0.0,-815.1,0.0,98776.87835
1717506000000000000,2024-06-04T13:00:00+00:00,BTCUSDT-PERP.BINANCE,69272.5,98776.87835,0.0,-815.1,0.0,98776.87835
1717506900000000000,2024-06-04T13:15:00+00:00,BTCUSDT-PERP.BINANCE,69470.5,98776.87835,0.0,-815.1,0.0,98776.87835
1717507800000000000,2024-06-04T13:30:00+00:00,BTCUSDT-PERP.BINANCE,69594.9,98776.87835,0.0,-815.1,0.0,98776.87835
1717508700000000000,2024-06-04T13:45:00+00:00,BTCUSDT-PERP.BINANCE,69566.6,98776.87835,0.0,-815.1,0.0,98776.87835
1717509600000000000,2024-06-04T14:00:00+00:00,BTCUSDT-PERP.BINANCE,69866.1,98776.87835,0.0,-815.1,0.0,98776.87835
1717510500000000000,2024-06-04T14:15:00+00:00,BTCUSDT-PERP.BINANCE,69807.9,98776.87835,0.0,-815.1,0.0,98776.87835
1717511400000000000,2024-06-04T14:30:00+00:00,BTCUSDT-PERP.BINANCE,69573.1,98776.87835,0.0,-815.1,0.0,98776.87835
1717512300000000000,2024-06-04T14:45:00+00:00,BTCUSDT-PERP.BINANCE,69691.9,98776.87835,0.0,-815.1,0.0,98776.87835
1717513200000000000,2024-06-04T15:00:00+00:00,BTCUSDT-PERP.BINANCE,69873.6,98776.87835,0.0,-815.1,0.0,98776.87835
1717514100000000000,2024-06-04T15:15:00+00:00,BTCUSDT-PERP.BINANCE,70029.9,98776.87835,0.0,-815.1,0.0,98776.87835
1717515000000000000,2024-06-04T15:30:00+00:00,BTCUSDT-PERP.BINANCE,70191.1,98776.87835,0.0,-815.1,0.0,98776.87835
1717515900000000000,2024-06-04T15:45:00+00:00,BTCUSDT-PERP.BINANCE,70492.0,98776.87835,0.0,-815.1,0.0,98776.87835
1717516800000000000,2024-06-04T16:00:00+00:00,BTCUSDT-PERP.BINANCE,70570.2,98776.87835,0.0,-815.1,0.0,98776.87835
1717517700000000000,2024-06-04T16:15:00+00:00,BTCUSDT-PERP.BINANCE,70920.8,98776.87835,0.0,-815.1,0.0,98776.87835
1717518600000000000,2024-06-04T16:30:00+00:00,BTCUSDT-PERP.BINANCE,70988.2,98776.87835,0.0,-815.1,0.0,98776.87835
1717519500000000000,2024-06-04T16:45:00+00:00,BTCUSDT-PERP.BINANCE,70858.0,98776.87835,0.0,-815.1,0.0,98776.87835
1717520400000000000,2024-06-04T17:00:00+00:00,BTCUSDT-PERP.BINANCE,70731.2,98776.87835,0.0,-815.1,0.0,98776.87835
1717521300000000000,2024-06-04T17:15:00+00:00,BTCUSDT-PERP.BINANCE,70531.6,98776.87835,0.0,-815.1,0.0,98776.87835
1717522200000000000,2024-06-04T17:30:00+00:00,BTCUSDT-PERP.BINANCE,70465.5,98776.87835,0.0,-815.1,0.0,98776.87835
1717523100000000000,2024-06-04T17:45:00+00:00,BTCUSDT-PERP.BINANCE,70606.3,98776.87835,0.0,-815.1,0.0,98776.87835
1717524000000000000,2024-06-04T18:00:00+00:00,BTCUSDT-PERP.BINANCE,70788.0,98776.87835,0.0,-815.1,0.0,98776.87835
1717524900000000000,2024-06-04T18:15:00+00:00,BTCUSDT-PERP.BINANCE,70978.9,98776.87835,0.0,-815.1,0.0,98776.87835
1717525800000000000,2024-06-04T18:30:00+00:00,BTCUSDT-PERP.BINANCE,70905.4,98776.87835,0.0,-815.1,0.0,98776.87835
1717526700000000000,2024-06-04T18:45:00+00:00,BTCUSDT-PERP.BINANCE,70740.7,98776.87835,0.0,-815.1,0.0,98776.87835
1717527600000000000,2024-06-04T19:00:00+00:00,BTCUSDT-PERP.BINANCE,70607.1,98776.87835,0.0,-815.1,0.0,98776.87835
1717528500000000000,2024-06-04T19:15:00+00:00,BTCUSDT-PERP.BINANCE,70514.5,98776.87835,0.0,-815.1,0.0,98776.87835
1717529400000000000,2024-06-04T19:30:00+00:00,BTCUSDT-PERP.BINANCE,70366.3,98776.87835,0.0,-815.1,0.0,98776.87835
1717530300000000000,2024-06-04T19:45:00+00:00,BTCUSDT-PERP.BINANCE,70459.0,98776.87835,0.0,-815.1,0.0,98776.87835
1717531200000000000,2024-06-04T20:00:00+00:00,BTCUSDT-PERP.BINANCE,70350.1,98776.87835,0.0,-815.1,0.0,98776.87835
1717532100000000000,2024-06-04T20:15:00+00:00,BTCUSDT-PERP.BINANCE,70302.1,98776.87835,0.0,-815.1,0.0,98776.87835
1717533000000000000,2024-06-04T20:30:00+00:00,BTCUSDT-PERP.BINANCE,70396.4,98776.87835,0.0,-815.1,0.0,98776.87835
1717533900000000000,2024-06-04T20:45:00+00:00,BTCUSDT-PERP.BINANCE,70444.5,98776.87835,0.0,-815.1,0.0,98776.87835
1717534800000000000,2024-06-04T21:00:00+00:00,BTCUSDT-PERP.BINANCE,70459.7,98776.87835,0.0,-815.1,0.0,98776.87835
1717535700000000000,2024-06-04T21:15:00+00:00,BTCUSDT-PERP.BINANCE,70532.7,98776.87835,0.0,-815.1,0.0,98776.87835
1717536600000000000,2024-06-04T21:30:00+00:00,BTCUSDT-PERP.BINANCE,70500.0,98776.87835,0.0,-815.1,0.0,98776.87835
1717537500000000000,2024-06-04T21:45:00+00:00,BTCUSDT-PERP.BINANCE,70650.0,98776.87835,0.0,-815.1,0.0,98776.87835
1717538400000000000,2024-06-04T22:00:00+00:00,BTCUSDT-PERP.BINANCE,70740.0,98776.87835,0.0,-815.1,0.0,98776.87835
1717539300000000000,2024-06-04T22:15:00+00:00,BTCUSDT-PERP.BINANCE,70680.4,98776.87835,0.0,-815.1,0.0,98776.87835
1717540200000000000,2024-06-04T22:30:00+00:00,BTCUSDT-PERP.BINANCE,70587.9,98776.87835,0.0,-815.1,0.0,98776.87835
1717541100000000000,2024-06-04T22:45:00+00:00,BTCUSDT-PERP.BINANCE,70608.9,98776.87835,0.0,-815.1,0.0,98776.87835
1717542000000000000,2024-06-04T23:00:00+00:00,BTCUSDT-PERP.BINANCE,70605.9,98776.87835,0.0,-815.1,0.0,98776.87835
1717542900000000000,2024-06-04T23:15:00+00:00,BTCUSDT-PERP.BINANCE,70448.5,98776.87835,0.0,-815.1,0.0,98776.87835
1717543800000000000,2024-06-04T23:30:00+00:00,BTCUSDT-PERP.BINANCE,70580.0,98776.87835,0.0,-815.1,0.0,98776.87835
1717544700000000000,2024-06-04T23:45:00+00:00,BTCUSDT-PERP.BINANCE,70580.0,98776.87835,0.0,-815.1,0.0,98776.87835
1717545600000000000,2024-06-05T00:00:00+00:00,BTCUSDT-PERP.BINANCE,70522.0,98776.87835,0.0,-815.1,0.0,98776.87835
1717546500000000000,2024-06-05T00:15:00+00:00,BTCUSDT-PERP.BINANCE,70670.9,98776.87835,0.0,-815.1,0.0,98776.87835
1717547400000000000,2024-06-05T00:30:00+00:00,BTCUSDT-PERP.BINANCE,70771.6,98776.87835,0.0,-815.1,0.0,98776.87835
1717548300000000000,2024-06-05T00:45:00+00:00,BTCUSDT-PERP.BINANCE,70820.1,98776.87835,0.0,-815.1,0.0,98776.87835
1717549200000000000,2024-06-05T01:00:00+00:00,BTCUSDT-PERP.BINANCE,70714.1,98776.87835,0.0,-815.1,0.0,98776.87835
1717550100000000000,2024-06-05T01:15:00+00:00,BTCUSDT-PERP.BINANCE,71047.2,98776.87835,0.0,-815.1,0.0,98776.87835
1717551000000000000,2024-06-05T01:30:00+00:00,BTCUSDT-PERP.BINANCE,71054.8,98776.87835,0.0,-815.1,0.0,98776.87835
1717551900000000000,2024-06-05T01:45:00+00:00,BTCUSDT-PERP.BINANCE,71020.7,98776.87835,0.0,-815.1,0.0,98776.87835
1717552800000000000,2024-06-05T02:00:00+00:00,BTCUSDT-PERP.BINANCE,70820.0,98776.87835,0.0,-815.1,0.0,98776.87835
1717553700000000000,2024-06-05T02:15:00+00:00,BTCUSDT-PERP.BINANCE,71028.6,98776.87835,0.0,-815.1,0.0,98776.87835
1717554600000000000,2024-06-05T02:30:00+00:00,BTCUSDT-PERP.BINANCE,71015.2,98776.87835,0.0,-815.1,0.0,98776.87835
1717555500000000000,2024-06-05T02:45:00+00:00,BTCUSDT-PERP.BINANCE,70892.1,98776.87835,0.0,-815.1,0.0,98776.87835
1717556400000000000,2024-06-05T03:00:00+00:00,BTCUSDT-PERP.BINANCE,70878.1,98776.87835,0.0,-815.1,0.0,98776.87835
1717557300000000000,2024-06-05T03:15:00+00:00,BTCUSDT-PERP.BINANCE,70921.3,98776.87835,0.0,-815.1,0.0,98776.87835
1717558200000000000,2024-06-05T03:30:00+00:00,BTCUSDT-PERP.BINANCE,70869.1,98776.87835,0.0,-815.1,0.0,98776.87835
1717559100000000000,2024-06-05T03:45:00+00:00,BTCUSDT-PERP.BINANCE,70994.0,98776.87835,0.0,-815.1,0.0,98776.87835
1717560000000000000,2024-06-05T04:00:00+00:00,BTCUSDT-PERP.BINANCE,71008.1,98776.87835,0.0,-815.1,0.0,98776.87835
1717560900000000000,2024-06-05T04:15:00+00:00,BTCUSDT-PERP.BINANCE,71089.5,98776.87835,0.0,-815.1,0.0,98776.87835
1717561800000000000,2024-06-05T04:30:00+00:00,BTCUSDT-PERP.BINANCE,71260.0,98776.87835,0.0,-815.1,0.0,98776.87835
1717562700000000000,2024-06-05T04:45:00+00:00,BTCUSDT-PERP.BINANCE,71220.2,98776.87835,0.0,-815.1,0.0,98776.87835
1717563600000000000,2024-06-05T05:00:00+00:00,BTCUSDT-PERP.BINANCE,70936.7,98776.87835,0.0,-815.1,0.0,98776.87835
1717564500000000000,2024-06-05T05:15:00+00:00,BTCUSDT-PERP.BINANCE,71083.4,98776.87835,0.0,-815.1,0.0,98776.87835
1717565400000000000,2024-06-05T05:30:00+00:00,BTCUSDT-PERP.BINANCE,70936.0,98776.87835,0.0,-815.1,0.0,98776.87835
1717566300000000000,2024-06-05T05:45:00+00:00,BTCUSDT-PERP.BINANCE,71038.4,98776.87835,0.0,-815.1,0.0,98776.87835
1717567200000000000,2024-06-05T06:00:00+00:00,BTCUSDT-PERP.BINANCE,70911.9,98776.87835,0.0,-815.1,0.0,98776.87835
1717568100000000000,2024-06-05T06:15:00+00:00,BTCUSDT-PERP.BINANCE,71013.9,98776.87835,0.0,-815.1,0.0,98776.87835
1717569000000000000,2024-06-05T06:30:00+00:00,BTCUSDT-PERP.BINANCE,71142.9,98776.87835,0.0,-815.1,0.0,98776.87835
1717569900000000000,2024-06-05T06:45:00+00:00,BTCUSDT-PERP.BINANCE,71163.4,98776.87835,0.0,-815.1,0.0,98776.87835
1717570800000000000,2024-06-05T07:00:00+00:00,BTCUSDT-PERP.BINANCE,71187.6,98776.87835,0.0,-815.1,0.0,98776.87835
1717571700000000000,2024-06-05T07:15:00+00:00,BTCUSDT-PERP.BINANCE,71112.3,98776.87835,0.0,-815.1,0.0,98776.87835
1717572600000000000,2024-06-05T07:30:00+00:00,BTCUSDT-PERP.BINANCE,71400.0,98776.87835,0.0,-815.1,0.0,98776.87835
1717573500000000000,2024-06-05T07:45:00+00:00,BTCUSDT-PERP.BINANCE,71244.1,98776.87835,0.0,-815.1,0.0,98776.87835
1717574400000000000,2024-06-05T08:00:00+00:00,BTCUSDT-PERP.BINANCE,71102.9,98776.87835,0.0,-815.1,0.0,98776.87835
1717575300000000000,2024-06-05T08:15:00+00:00,BTCUSDT-PERP.BINANCE,71150.1,98776.87835,0.0,-815.1,0.0,98776.87835
1717576200000000000,2024-06-05T08:30:00+00:00,BTCUSDT-PERP.BINANCE,71076.3,98776.87835,0.0,-815.1,0.0,98776.87835
1717577100000000000,2024-06-05T08:45:00+00:00,BTCUSDT-PERP.BINANCE,70972.0,98776.87835,0.0,-815.1,0.0,98776.87835
1717578000000000000,2024-06-05T09:00:00+00:00,BTCUSDT-PERP.BINANCE,70949.4,98776.87835,0.0,-815.1,0.0,98776.87835
1717578900000000000,2024-06-05T09:15:00+00:00,BTCUSDT-PERP.BINANCE,71040.0,98776.87835,0.0,-815.1,0.0,98776.87835
1717579800000000000,2024-06-05T09:30:00+00:00,BTCUSDT-PERP.BINANCE,70883.8,98776.87835,0.0,-815.1,0.0,98776.87835
1717580700000000000,2024-06-05T09:45:00+00:00,BTCUSDT-PERP.BINANCE,70947.9,98776.87835,0.0,-815.1,0.0,98776.87835
1717581600000000000,2024-06-05T10:00:00+00:00,BTCUSDT-PERP.BINANCE,70885.5,98776.87835,0.0,-815.1,0.0,98776.87835
1717582500000000000,2024-06-05T10:15:00+00:00,BTCUSDT-PERP.BINANCE,70825.6,169567.06555,-1.0,-815.1,0.0,98741.46555
1717583400000000000,2024-06-05T10:30:00+00:00,BTCUSDT-PERP.BINANCE,70823.4,169567.06555,-1.0,-815.1,2.2,98743.66555
1717584300000000000,2024-06-05T10:45:00+00:00,BTCUSDT-PERP.BINANCE,70840.7,169567.06555,-1.0,-815.1,-15.1,98726.36555
1717585200000000000,2024-06-05T11:00:00+00:00,BTCUSDT-PERP.BINANCE,70912.2,169567.06555,-1.0,-815.1,-86.6,98654.86555
1717586100000000000,2024-06-05T11:15:00+00:00,BTCUSDT-PERP.BINANCE,70951.5,169567.06555,-1.0,-815.1,-125.9,98615.56555
1717587000000000000,2024-06-05T11:30:00+00:00,BTCUSDT-PERP.BINANCE,71023.3,169567.06555,-1.0,-815.1,-197.7,98543.76555
1717587900000000000,2024-06-05T11:45:00+00:00,BTCUSDT-PERP.BINANCE,71008.4,169567.06555,-1.0,-815.1,-182.8,98558.66555
1717588800000000000,2024-06-05T12:00:00+00:00,BTCUSDT-PERP.BINANCE,70895.8,98635.81765,0.0,-885.3,0.0,98635.81765
1717589700000000000,2024-06-05T12:15:00+00:00,BTCUSDT-PERP.BINANCE,70810.6,98635.81765,0.0,-885.3,0.0,98635.81765
1717590600000000000,2024-06-05T12:30:00+00:00,BTCUSDT-PERP.BINANCE,71072.8,169673.08125,-1.0,-885.3,0.0,98600.28125
1717591500000000000,2024-06-05T12:45:00+00:00,BTCUSDT-PERP.BINANCE,70992.4,98645.18505,0.0,-804.9,0.0,98645.18505
1717592400000000000,2024-06-05T13:00:00+00:00,BTCUSDT-PERP.BINANCE,71061.9,98645.18505,0.0,-804.9,0.0,98645.18505
1717593300000000000,2024-06-05T13:15:00+00:00,BTCUSDT-PERP.BINANCE,71165.8,98645.18505,0.0,-804.9,0.0,98645.18505
1717594200000000000,2024-06-05T13:30:00+00:00,BTCUSDT-PERP.BINANCE,70870.4,98645.18505,0.0,-804.9,0.0,98645.18505
1717595100000000000,2024-06-05T13:45:00+00:00,BTCUSDT-PERP.BINANCE,70773.1,98645.18505,0.0,-804.9,0.0,98645.18505
1717596000000000000,2024-06-05T14:00:00+00:00,BTCUSDT-PERP.BINANCE,70500.0,169109.93505,-1.0,-804.9,0.0,98609.93505
1717596900000000000,2024-06-05T14:15:00+00:00,BTCUSDT-PERP.BINANCE,70779.8,169109.93505,-1.0,-804.9,-279.8,98330.13505
1717597800000000000,2024-06-05T14:30:00+00:00,BTCUSDT-PERP.BINANCE,70949.4,169109.93505,-1.0,-804.9,-449.4,98160.53505
1717598700000000000,2024-06-05T14:45:00+00:00,BTCUSDT-PERP.BINANCE,70907.4,169109.93505,-1.0,-804.9,-407.4,98202.53505
1717599600000000000,2024-06-05T15:00:00+00:00,BTCUSDT-PERP.BINANCE,70936.5,169109.93505,-1.0,-804.9,-436.5,98173.43505
1717600500000000000,2024-06-05T15:15:00+00:00,BTCUSDT-PERP.BINANCE,71599.9,169109.93505,-1.0,-804.9,-1099.9,97510.03505
1717601400000000000,2024-06-05T15:30:00+00:00,BTCUSDT-PERP.BINANCE,71596.3,97477.8369,0.0,-1901.2,0.0,97477.8369
1717602300000000000,2024-06-05T15:45:00+00:00,BTCUSDT-PERP.BINANCE,71625.1,97477.8369,0.0,-1901.2,0.0,97477.8369
1717603200000000000,2024-06-05T16:00:00+00:00,BTCUSDT-PERP.BINANCE,71686.3,97477.8369,0.0,-1901.2,0.0,97477.8369
1717604100000000000,2024-06-05T16:15:00+00:00,BTCUSDT-PERP.BINANCE,71689.6,97477.8369,0.0,-1901.2,0.0,97477.8369
1717605000000000000,2024-06-05T16:30:00+00:00,BTCUSDT-PERP.BINANCE,71565.4,97477.8369,0.0,-1901.2,0.0,97477.8369
1717605900000000000,2024-06-05T16:45:00+00:00,BTCUSDT-PERP.BINANCE,71355.8,97477.8369,0.0,-1901.2,0.0,97477.8369
1717606800000000000,2024-06-05T17:00:00+00:00,BTCUSDT-PERP.BINANCE,71582.9,97477.8369,0.0,-1901.2,0.0,97477.8369
1717607700000000000,2024-06-05T17:15:00+00:00,BTCUSDT-PERP.BINANCE,71479.6,97477.8369,0.0,-1901.2,0.0,97477.8369
1717608600000000000,2024-06-05T17:30:00+00:00,BTCUSDT-PERP.BINANCE,71533.8,97477.8369,0.0,-1901.2,0.0,97477.8369
1717609500000000000,2024-06-05T17:45:00+00:00,BTCUSDT-PERP.BINANCE,71660.0,97477.8369,0.0,-1901.2,0.0,97477.8369
1717610400000000000,2024-06-05T18:00:00+00:00,BTCUSDT-PERP.BINANCE,71370.5,97477.8369,0.0,-1901.2,0.0,97477.8369
1717611300000000000,2024-06-05T18:15:00+00:00,BTCUSDT-PERP.BINANCE,71178.1,97477.8369,0.0,-1901.2,0.0,97477.8369
1717612200000000000,2024-06-05T18:30:00+00:00,BTCUSDT-PERP.BINANCE,71106.1,97477.8369,0.0,-1901.2,0.0,97477.8369
1717613100000000000,2024-06-05T18:45:00+00:00,BTCUSDT-PERP.BINANCE,71134.5,97477.8369,0.0,-1901.2,0.0,97477.8369
1717614000000000000,2024-06-05T19:00:00+00:00,BTCUSDT-PERP.BINANCE,70978.5,97477.8369,0.0,-1901.2,0.0,97477.8369
1717614900000000000,2024-06-05T19:15:00+00:00,BTCUSDT-PERP.BINANCE,70981.5,97477.8369,0.0,-1901.2,0.0,97477.8369
1717615800000000000,2024-06-05T19:30:00+00:00,BTCUSDT-PERP.BINANCE,71199.9,97477.8369,0.0,-1901.2,0.0,97477.8369
1717616700000000000,2024-06-05T19:45:00+00:00,BTCUSDT-PERP.BINANCE,71314.8,97477.8369,0.0,-1901.2,0.0,97477.8369
1717617600000000000,2024-06-05T20:00:00+00:00,BTCUSDT-PERP.BINANCE,71259.1,97477.8369,0.0,-1901.2,0.0,97477.8369
1717618500000000000,2024-06-05T20:15:00+00:00,BTCUSDT-PERP.BINANCE,71289.9,97477.8369,0.0,-1901.2,0.0,97477.8369
1717619400000000000,2024-06-05T20:30:00+00:00,BTCUSDT-PERP.BINANCE,71258.6,97477.8369,0.0,-1901.2,0.0,97477.8369
1717620300000000000,2024-06-05T20:45:00+00:00,BTCUSDT-PERP.BINANCE,71228.6,97477.8369,0.0,-1901.2,0.0,97477.8369
1717621200000000000,2024-06-05T21:00:00+00:00,BTCUSDT-PERP.BINANCE,71172.6,97477.8369,0.0,-1901.2,0.0,97477.8369
1717622100000000000,2024-06-05T21:15:00+00:00,BTCUSDT-PERP.BINANCE,71094.2,97477.8369,0.0,-1901.2,0.0,97477.8369
1717623000000000000,2024-06-05T21:30:00+00:00,BTCUSDT-PERP.BINANCE,71173.7,97477.8369,0.0,-1901.2,0.0,97477.8369
1717623900000000000,2024-06-05T21:45:00+00:00,BTCUSDT-PERP.BINANCE,71177.2,97477.8369,0.0,-1901.2,0.0,97477.8369
1717624800000000000,2024-06-05T22:00:00+00:00,BTCUSDT-PERP.BINANCE,71232.1,97477.8369,0.0,-1901.2,0.0,97477.8369
1717625700000000000,2024-06-05T22:15:00+00:00,BTCUSDT-PERP.BINANCE,71165.9,97477.8369,0.0,-1901.2,0.0,97477.8369
1717626600000000000,2024-06-05T22:30:00+00:00,BTCUSDT-PERP.BINANCE,71285.5,97477.8369,0.0,-1901.2,0.0,97477.8369
1717627500000000000,2024-06-05T22:45:00+00:00,BTCUSDT-PERP.BINANCE,71180.0,97477.8369,0.0,-1901.2,0.0,97477.8369
1717628400000000000,2024-06-05T23:00:00+00:00,BTCUSDT-PERP.BINANCE,71314.2,97477.8369,0.0,-1901.2,0.0,97477.8369
1717629300000000000,2024-06-05T23:15:00+00:00,BTCUSDT-PERP.BINANCE,70885.0,97477.8369,0.0,-1901.2,0.0,97477.8369
1717630200000000000,2024-06-05T23:30:00+00:00,BTCUSDT-PERP.BINANCE,71105.8,97477.8369,0.0,-1901.2,0.0,97477.8369
1717631100000000000,2024-06-05T23:45:00+00:00,BTCUSDT-PERP.BINANCE,71133.3,97477.8369,0.0,-1901.2,0.0,97477.8369
1717632000000000000,2024-06-06T00:00:00+00:00,BTCUSDT-PERP.BINANCE,71210.0,97477.8369,0.0,-1901.2,0.0,97477.8369
1717632900000000000,2024-06-06T00:15:00+00:00,BTCUSDT-PERP.BINANCE,71190.0,97477.8369,0.0,-1901.2,0.0,97477.8369
1717633800000000000,2024-06-06T00:30:00+00:00,BTCUSDT-PERP.BINANCE,71057.5,97477.8369,0.0,-1901.2,0.0,97477.8369
1717634700000000000,2024-06-06T00:45:00+00:00,BTCUSDT-PERP.BINANCE,71051.1,97477.8369,0.0,-1901.2,0.0,97477.8369
1717635600000000000,2024-06-06T01:00:00+00:00,BTCUSDT-PERP.BINANCE,70992.0,97477.8369,0.0,-1901.2,0.0,97477.8369
1717636500000000000,2024-06-06T01:15:00+00:00,BTCUSDT-PERP.BINANCE,71140.1,97477.8369,0.0,-1901.2,0.0,97477.8369
1717637400000000000,2024-06-06T01:30:00+00:00,BTCUSDT-PERP.BINANCE,71177.8,97477.8369,0.0,-1901.2,0.0,97477.8369
1717638300000000000,2024-06-06T01:45:00+00:00,BTCUSDT-PERP.BINANCE,71167.7,97477.8369,0.0,-1901.2,0.0,97477.8369
1717639200000000000,2024-06-06T02:00:00+00:00,BTCUSDT-PERP.BINANCE,71240.1,97477.8369,0.0,-1901.2,0.0,97477.8369
1717640100000000000,2024-06-06T02:15:00+00:00,BTCUSDT-PERP.BINANCE,71247.5,97477.8369,0.0,-1901.2,0.0,97477.8369
1717641000000000000,2024-06-06T02:30:00+00:00,BTCUSDT-PERP.BINANCE,71197.8,97477.8369,0.0,-1901.2,0.0,97477.8369
1717641900000000000,2024-06-06T02:45:00+00:00,BTCUSDT-PERP.BINANCE,71196.0,97477.8369,0.0,-1901.2,0.0,97477.8369
1717642800000000000,2024-06-06T03:00:00+00:00,BTCUSDT-PERP.BINANCE,71195.1,97477.8369,0.0,-1901.2,0.0,97477.8369
1717643700000000000,2024-06-06T03:15:00+00:00,BTCUSDT-PERP.BINANCE,71201.3,97477.8369,0.0,-1901.2,0.0,97477.8369
1717644600000000000,2024-06-06T03:30:00+00:00,BTCUSDT-PERP.BINANCE,71155.8,97477.8369,0.0,-1901.2,0.0,97477.8369
1717645500000000000,2024-06-06T03:45:00+00:00,BTCUSDT-PERP.BINANCE,71087.8,97477.8369,0.0,-1901.2,0.0,97477.8369
1717646400000000000,2024-06-06T04:00:00+00:00,BTCUSDT-PERP.BINANCE,70993.8,97477.8369,0.0,-1901.2,0.0,97477.8369
1717647300000000000,2024-06-06T04:15:00+00:00,BTCUSDT-PERP.BINANCE,71008.2,97477.8369,0.0,-1901.2,0.0,97477.8369
1717648200000000000,2024-06-06T04:30:00+00:00,BTCUSDT-PERP.BINANCE,71094.5,97477.8369,0.0,-1901.2,0.0,97477.8369
1717649100000000000,2024-06-06T04:45:00+00:00,BTCUSDT-PERP.BINANCE,71093.7,97477.8369,0.0,-1901.2,0.0,97477.8369
1717650000000000000,2024-06-06T05:00:00+00:00,BTCUSDT-PERP.BINANCE,70913.2,97477.8369,0.0,-1901.2,0.0,97477.8369
1717650900000000000,2024-06-06T05:15:00+00:00,BTCUSDT-PERP.BINANCE,70880.0,97477.8369,0.0,-1901.2,0.0,97477.8369
1717651800000000000,2024-06-06T05:30:00+00:00,BTCUSDT-PERP.BINANCE,70939.7,97477.8369,0.0,-1901.2,0.0,97477.8369
1717652700000000000,2024-06-06T05:45:00+00:00,BTCUSDT-PERP.BINANCE,70945.7,97477.8369,0.0,-1901.2,0.0,97477.8369
1717653600000000000,2024-06-06T06:00:00+00:00,BTCUSDT-PERP.BINANCE,71036.4,97477.8369,0.0,-1901.2,0.0,97477.8369
1717654500000000000,2024-06-06T06:15:00+00:00,BTCUSDT-PERP.BINANCE,71009.1,97477.8369,0.0,-1901.2,0.0,97477.8369
1717655400000000000,2024-06-06T06:30:00+00:00,BTCUSDT-PERP.BINANCE,70900.1,97477.8369,0.0,-1901.2,0.0,97477.8369
1717656300000000000,2024-06-06T06:45:00+00:00,BTCUSDT-PERP.BINANCE,70934.4,97477.8369,0.0,-1901.2,0.0,97477.8369
1717657200000000000,2024-06-06T07:00:00+00:00,BTCUSDT-PERP.BINANCE,70964.6,97477.8369,0.0,-1901.2,0.0,97477.8369
1717658100000000000,2024-06-06T07:15:00+00:00,BTCUSDT-PERP.BINANCE,70935.1,97477.8369,0.0,-1901.2,0.0,97477.8369
1717659000000000000,2024-06-06T07:30:00+00:00,BTCUSDT-PERP.BINANCE,70990.7,97477.8369,0.0,-1901.2,0.0,97477.8369
1717659900000000000,2024-06-06T07:45:00+00:00,BTCUSDT-PERP.BINANCE,71077.3,97477.8369,0.0,-1901.2,0.0,97477.8369
1717660800000000000,2024-06-06T08:00:00+00:00,BTCUSDT-PERP.BINANCE,70921.7,97477.8369,0.0,-1901.2,0.0,97477.8369
1717661700000000000,2024-06-06T08:15:00+00:00,BTCUSDT-PERP.BINANCE,71036.7,97477.8369,0.0,-1901.2,0.0,97477.8369
1717662600000000000,2024-06-06T08:30:00+00:00,BTCUSDT-PERP.BINANCE,70957.1,97477.8369,0.0,-1901.2,0.0,97477.8369
1717663500000000000,2024-06-06T08:45:00+00:00,BTCUSDT-PERP.BINANCE,70949.7,97477.8369,0.0,-1901.2,0.0,97477.8369
1717664400000000000,2024-06-06T09:00:00+00:00,BTCUSDT-PERP.BINANCE,71127.0,97477.8369,0.0,-1901.2,0.0,97477.8369
1717665300000000000,2024-06-06T09:15:00+00:00,BTCUSDT-PERP.BINANCE,71047.4,97477.8369,0.0,-1901.2,0.0,97477.8369
1717666200000000000,2024-06-06T09:30:00+00:00,BTCUSDT-PERP.BINANCE,71007.0,97477.8369,0.0,-1901.2,0.0,97477.8369
1717667100000000000,2024-06-06T09:45:00+00:00,BTCUSDT-PERP.BINANCE,71026.3,97477.8369,0.0,-1901.2,0.0,97477.8369
1717668000000000000,2024-06-06T10:00:00+00:00,BTCUSDT-PERP.BINANCE,70951.5,97477.8369,0.0,-1901.2,0.0,97477.8369
1717668900000000000,2024-06-06T10:15:00+00:00,BTCUSDT-PERP.BINANCE,70993.9,97477.8369,0.0,-1901.2,0.0,97477.8369
1717669800000000000,2024-06-06T10:30:00+00:00,BTCUSDT-PERP.BINANCE,70982.6,97477.8369,0.0,-1901.2,0.0,97477.8369
1717670700000000000,2024-06-06T10:45:00+00:00,BTCUSDT-PERP.BINANCE,71047.3,97477.8369,0.0,-1901.2,0.0,97477.8369
1717671600000000000,2024-06-06T11:00:00+00:00,BTCUSDT-PERP.BINANCE,71022.0,97477.8369,0.0,-1901.2,0.0,97477.8369
1717672500000000000,2024-06-06T11:15:00+00:00,BTCUSDT-PERP.BINANCE,71056.0,97477.8369,0.0,-1901.2,0.0,97477.8369
1717673400000000000,2024-06-06T11:30:00+00:00,BTCUSDT-PERP.BINANCE,71180.1,97477.8369,0.0,-1901.2,0.0,97477.8369
1717674300000000000,2024-06-06T11:45:00+00:00,BTCUSDT-PERP.BINANCE,71219.2,97477.8369,0.0,-1901.2,0.0,97477.8369
1717675200000000000,2024-06-06T12:00:00+00:00,BTCUSDT-PERP.BINANCE,71216.1,97477.8369,0.0,-1901.2,0.0,97477.8369
1717676100000000000,2024-06-06T12:15:00+00:00,BTCUSDT-PERP.BINANCE,71407.6,97477.8369,0.0,-1901.2,0.0,97477.8369
1717677000000000000,2024-06-06T12:30:00+00:00,BTCUSDT-PERP.BINANCE,71247.1,97477.8369,0.0,-1901.2,0.0,97477.8369
1717677900000000000,2024-06-06T12:45:00+00:00,BTCUSDT-PERP.BINANCE,71230.0,97477.8369,0.0,-1901.2,0.0,97477.8369
1717678800000000000,2024-06-06T13:00:00+00:00,BTCUSDT-PERP.BINANCE,71156.2,97477.8369,0.0,-1901.2,0.0,97477.8369
1717679700000000000,2024-06-06T13:15:00+00:00,BTCUSDT-PERP.BINANCE,71206.6,97477.8369,0.0,-1901.2,0.0,97477.8369
1717680600000000000,2024-06-06T13:30:00+00:00,BTCUSDT-PERP.BINANCE,71547.5,97477.8369,0.0,-1901.2,0.0,97477.8369
1717681500000000000,2024-06-06T13:45:00+00:00,BTCUSDT-PERP.BINANCE,71163.5,97477.8369,0.0,-1901.2,0.0,97477.8369
1717682400000000000,2024-06-06T14:00:00+00:00,BTCUSDT-PERP.BINANCE,71224.0,97477.8369,0.0,-1901.2,0.0,97477.8369
1717683300000000000,2024-06-06T14:15:00+00:00,BTCUSDT-PERP.BINANCE,71234.6,97477.8369,0.0,-1901.2,0.0,97477.8369
1717684200000000000,2024-06-06T14:30:00+00:00,BTCUSDT-PERP.BINANCE,71406.0,97477.8369,0.0,-1901.2,0.0,97477.8369
1717685100000000000,2024-06-06T14:45:00+00:00,BTCUSDT-PERP.BINANCE,71514.4,97477.8369,0.0,-1901.2,0.0,97477.8369
1717686000000000000,2024-06-06T15:00:00+00:00,BTCUSDT-PERP.BINANCE,71448.1,97477.8369,0.0,-1901.2,0.0,97477.8369
1717686900000000000,2024-06-06T15:15:00+00:00,BTCUSDT-PERP.BINANCE,71636.2,97477.8369,0.0,-1901.2,0.0,97477.8369
1717687800000000000,2024-06-06T15:30:00+00:00,BTCUSDT-PERP.BINANCE,71513.5,97477.8369,0.0,-1901.2,0.0,97477.8369
1717688700000000000,2024-06-06T15:45:00+00:00,BTCUSDT-PERP.BINANCE,71334.3,97477.8369,0.0,-1901.2,0.0,97477.8369
1717689600000000000,2024-06-06T16:00:00+00:00,BTCUSDT-PERP.BINANCE,71177.0,97477.8369,0.0,-1901.2,0.0,97477.8369
1717690500000000000,2024-06-06T16:15:00+00:00,BTCUSDT-PERP.BINANCE,71091.2,97477.8369,0.0,-1901.2,0.0,97477.8369
1717691400000000000,2024-06-06T16:30:00+00:00,BTCUSDT-PERP.BINANCE,70955.9,97477.8369,0.0,-1901.2,0.0,97477.8369
1717692300000000000,2024-06-06T16:45:00+00:00,BTCUSDT-PERP.BINANCE,70977.6,97477.8369,0.0,-1901.2,0.0,97477.8369
1717693200000000000,2024-06-06T17:00:00+00:00,BTCUSDT-PERP.BINANCE,71035.5,168477.81915,-1.0,-1901.2,0.0,97442.31915
1717694100000000000,2024-06-06T17:15:00+00:00,BTCUSDT-PERP.BINANCE,71210.1,168477.81915,-1.0,-1901.2,-174.6,97267.71915
1717695000000000000,2024-06-06T17:30:00+00:00,BTCUSDT-PERP.BINANCE,71106.7,168477.81915,-1.0,-1901.2,-71.2,97371.11915
1717695900000000000,2024-06-06T17:45:00+00:00,BTCUSDT-PERP.BINANCE,71137.8,168477.81915,-1.0,-1901.2,-102.3,97340.01915
1717696800000000000,2024-06-06T18:00:00+00:00,BTCUSDT-PERP.BINANCE,70948.4,168477.81915,-1.0,-1901.2,87.1,97529.41915
1717697700000000000,2024-06-06T18:15:00+00:00,BTCUSDT-PERP.BINANCE,71068.6,168477.81915,-1.0,-1901.2,-33.1,97409.21915
1717698600000000000,2024-06-06T18:30:00+00:00,BTCUSDT-PERP.BINANCE,71088.0,168477.81915,-1.0,-1901.2,-52.5,97389.81915
1717699500000000000,2024-06-06T18:45:00+00:00,BTCUSDT-PERP.BINANCE,71119.6,168477.81915,-1.0,-1901.2,-84.1,97358.21915
1717700400000000000,2024-06-06T19:00:00+00:00,BTCUSDT-PERP.BINANCE,70935.0,168477.81915,-1.0,-1901.2,100.5,97542.81915
1717701300000000000,2024-06-06T19:15:00+00:00,BTCUSDT-PERP.BINANCE,70982.3,168477.81915,-1.0,-1901.2,53.2,97495.51915
1717702200000000000,2024-06-06T19:30:00+00:00,BTCUSDT-PERP.BINANCE,70771.2,168477.81915,-1.0,-1901.2,264.3,97706.61915
1717703100000000000,2024-06-06T19:45:00+00:00,BTCUSDT-PERP.BINANCE,70526.1,168477.81915,-1.0,-1901.2,509.4,97951.71915
1717704000000000000,2024-06-06T20:00:00+00:00,BTCUSDT-PERP.BINANCE,70452.8,168477.81915,-1.0,-1901.2,582.7,98025.01915
1717704900000000000,2024-06-06T20:15:00+00:00,BTCUSDT-PERP.BINANCE,70619.9,168477.81915,-1.0,-1901.2,415.6,97857.91915
1717705800000000000,2024-06-06T20:30:00+00:00,BTCUSDT-PERP.BINANCE,70652.4,168477.81915,-1.0,-1901.2,383.1,97825.41915
1717706700000000000,2024-06-06T20:45:00+00:00,BTCUSDT-PERP.BINANCE,70767.9,168477.81915,-1.0,-1901.2,267.6,97709.91915
1717707600000000000,2024-06-06T21:00:00+00:00,BTCUSDT-PERP.BINANCE,70794.4,168477.81915,-1.0,-1901.2,241.1,97683.41915
1717708500000000000,2024-06-06T21:15:00+00:00,BTCUSDT-PERP.BINANCE,70728.1,168477.81915,-1.0,-1901.2,307.4,97749.71915
1717709400000000000,2024-06-06T21:30:00+00:00,BTCUSDT-PERP.BINANCE,70800.0,168477.81915,-1.0,-1901.2,235.5,97677.81915
1717710300000000000,2024-06-06T21:45:00+00:00,BTCUSDT-PERP.BINANCE,70784.6,168477.81915,-1.0,-1901.2,250.9,97693.21915
1717711200000000000,2024-06-06T22:00:00+00:00,BTCUSDT-PERP.BINANCE,70831.7,168477.81915,-1.0,-1901.2,203.8,97646.11915
1717712100000000000,2024-06-06T22:15:00+00:00,BTCUSDT-PERP.BINANCE,70790.7,168477.81915,-1.0,-1901.2,244.8,97687.11915
1717713000000000000,2024-06-06T22:30:00+00:00,BTCUSDT-PERP.BINANCE,70858.1,168477.81915,-1.0,-1901.2,177.4,97619.71915
1717713900000000000,2024-06-06T22:45:00+00:00,BTCUSDT-PERP.BINANCE,70938.0,168477.81915,-1.0,-1901.2,97.5,97539.81915
1717714800000000000,2024-06-06T23:00:00+00:00,BTCUSDT-PERP.BINANCE,70907.6,168477.81915,-1.0,-1901.2,127.9,97570.21915
1717715700000000000,2024-06-06T23:15:00+00:00,BTCUSDT-PERP.BINANCE,70837.2,168477.81915,-1.0,-1901.2,198.3,97640.61915
1717716600000000000,2024-06-06T23:30:00+00:00,BTCUSDT-PERP.BINANCE,70862.8,168477.81915,-1.0,-1901.2,172.7,97615.01915
1717717500000000000,2024-06-06T23:45:00+00:00,BTCUSDT-PERP.BINANCE,70830.0,168477.81915,-1.0,-1901.2,205.5,97647.81915
1717718400000000000,2024-06-07T00:00:00+00:00,BTCUSDT-PERP.BINANCE,70804.1,168477.81915,-1.0,-1901.2,231.4,97673.71915
1717719300000000000,2024-06-07T00:15:00+00:00,BTCUSDT-PERP.BINANCE,70877.8,168477.81915,-1.0,-1901.2,157.7,97600.01915
1717720200000000000,2024-06-07T00:30:00+00:00,BTCUSDT-PERP.BINANCE,70870.1,168477.81915,-1.0,-1901.2,165.4,97607.71915
1717721100000000000,2024-06-07T00:45:00+00:00,BTCUSDT-PERP.BINANCE,70925.6,168477.81915,-1.0,-1901.2,109.9,97552.21915
1717722000000000000,2024-06-07T01:00:00+00:00,BTCUSDT-PERP.BINANCE,70860.2,168477.81915,-1.0,-1901.2,175.3,97617.61915
1717722900000000000,2024-06-07T01:15:00+00:00,BTCUSDT-PERP.BINANCE,70784.9,168477.81915,-1.0,-1901.2,250.6,97692.91915
1717723800000000000,2024-06-07T01:30:00+00:00,BTCUSDT-PERP.BINANCE,70827.5,168477.81915,-1.0,-1901.2,208.0,97650.31915
1717724700000000000,2024-06-07T01:45:00+00:00,BTCUSDT-PERP.BINANCE,70870.0,168477.81915,-1.0,-1901.2,165.5,97607.81915
1717725600000000000,2024-06-07T02:00:00+00:00,BTCUSDT-PERP.BINANCE,70817.1,168477.81915,-1.0,-1901.2,218.4,97660.71915
1717726500000000000,2024-06-07T02:15:00+00:00,BTCUSDT-PERP.BINANCE,70791.7,168477.81915,-1.0,-1901.2,243.8,97686.11915
1717727400000000000,2024-06-07T02:30:00+00:00,BTCUSDT-PERP.BINANCE,70755.2,168477.81915,-1.0,-1901.2,280.3,97722.61915
1717728300000000000,2024-06-07T02:45:00+00:00,BTCUSDT-PERP.BINANCE,70869.5,168477.81915,-1.0,-1901.2,166.0,97608.31915
1717729200000000000,2024-06-07T03:00:00+00:00,BTCUSDT-PERP.BINANCE,70851.9,168477.81915,-1.0,-1901.2,183.6,97625.91915
1717730100000000000,2024-06-07T03:15:00+00:00,BTCUSDT-PERP.BINANCE,71030.0,168477.81915,-1.0,-1901.2,5.5,97447.81915
1717731000000000000,2024-06-07T03:30:00+00:00,BTCUSDT-PERP.BINANCE,70972.6,168477.81915,-1.0,-1901.2,62.9,97505.21915
1717731900000000000,2024-06-07T03:45:00+00:00,BTCUSDT-PERP.BINANCE,71032.9,168477.81915,-1.0,-1901.2,2.6,97444.91915
1717732800000000000,2024-06-07T04:00:00+00:00,BTCUSDT-PERP.BINANCE,71217.1,168477.81915,-1.0,-1901.2,-181.6,97260.71915
1717733700000000000,2024-06-07T04:15:00+00:00,BTCUSDT-PERP.BINANCE,71198.0,97244.22015,0.0,-2063.7,0.0,97244.22015
1717734600000000000,2024-06-07T04:30:00+00:00,BTCUSDT-PERP.BINANCE,71148.3,97244.22015,0.0,-2063.7,0.0,97244.22015
1717735500000000000,2024-06-07T04:45:00+00:00,BTCUSDT-PERP.BINANCE,71251.3,97244.22015,0.0,-2063.7,0.0,97244.22015
1717736400000000000,2024-06-07T05:00:00+00:00,BTCUSDT-PERP.BINANCE,71232.3,97244.22015,0.0,-2063.7,0.0,97244.22015
1717737300000000000,2024-06-07T05:15:00+00:00,BTCUSDT-PERP.BINANCE,71351.5,97244.22015,0.0,-2063.7,0.0,97244.22015
1717738200000000000,2024-06-07T05:30:00+00:00,BTCUSDT-PERP.BINANCE,71393.0,97244.22015,0.0,-2063.7,0.0,97244.22015
1717739100000000000,2024-06-07T05:45:00+00:00,BTCUSDT-PERP.BINANCE,71324.0,97244.22015,0.0,-2063.7,0.0,97244.22015
1717740000000000000,2024-06-07T06:00:00+00:00,BTCUSDT-PERP.BINANCE,71244.2,97244.22015,0.0,-2063.7,0.0,97244.22015
1717740900000000000,2024-06-07T06:15:00+00:00,BTCUSDT-PERP.BINANCE,71266.8,97244.22015,0.0,-2063.7,0.0,97244.22015
1717741800000000000,2024-06-07T06:30:00+00:00,BTCUSDT-PERP.BINANCE,71231.7,97244.22015,0.0,-2063.7,0.0,97244.22015
1717742700000000000,2024-06-07T06:45:00+00:00,BTCUSDT-PERP.BINANCE,71298.5,97244.22015,0.0,-2063.7,0.0,97244.22015
1717743600000000000,2024-06-07T07:00:00+00:00,BTCUSDT-PERP.BINANCE,71237.0,97244.22015,0.0,-2063.7,0.0,97244.22015
1717744500000000000,2024-06-07T07:15:00+00:00,BTCUSDT-PERP.BINANCE,71313.2,97244.22015,0.0,-2063.7,0.0,97244.22015
1717745400000000000,2024-06-07T07:30:00+00:00,BTCUSDT-PERP.BINANCE,71162.3,97244.22015,0.0,-2063.7,0.0,97244.22015
1717746300000000000,2024-06-07T07:45:00+00:00,BTCUSDT-PERP.BINANCE,71147.9,97244.22015,0.0,-2063.7,0.0,97244.22015
1717747200000000000,2024-06-07T08:00:00+00:00,BTCUSDT-PERP.BINANCE,71129.1,97244.22015,0.0,-2063.7,0.0,97244.22015
1717748100000000000,2024-06-07T08:15:00+00:00,BTCUSDT-PERP.BINANCE,71210.1,97244.22015,0.0,-2063.7,0.0,97244.22015
1717749000000000000,2024-06-07T08:30:00+00:00,BTCUSDT-PERP.BINANCE,71166.4,97244.22015,0.0,-2063.7,0.0,97244.22015
1717749900000000000,2024-06-07T08:45:00+00:00,BTCUSDT-PERP.BINANCE,71161.4,97244.22015,0.0,-2063.7,0.0,97244.22015
1717750800000000000,2024-06-07T09:00:00+00:00,BTCUSDT-PERP.BINANCE,71150.4,97244.22015,0.0,-2063.7,0.0,97244.22015
1717751700000000000,2024-06-07T09:15:00+00:00,BTCUSDT-PERP.BINANCE,71247.6,97244.22015,0.0,-2063.7,0.0,97244.22015
1717752600000000000,2024-06-07T09:30:00+00:00,BTCUSDT-PERP.BINANCE,71247.7,97244.22015,0.0,-2063.7,0.0,97244.22015
1717753500000000000,2024-06-07T09:45:00+00:00,BTCUSDT-PERP.BINANCE,71332.5,97244.22015,0.0,-2063.7,0.0,97244.22015
1717754400000000000,2024-06-07T10:00:00+00:00,BTCUSDT-PERP.BINANCE,71394.3,97244.22015,0.0,-2063.7,0.0,97244.22015
1717755300000000000,2024-06-07T10:15:00+00:00,BTCUSDT-PERP.BINANCE,71290.1,97244.22015,0.0,-2063.7,0.0,97244.22015
1717756200000000000,2024-06-07T10:30:00+00:00,BTCUSDT-PERP.BINANCE,71366.9,97244.22015,0.0,-2063.7,0.0,97244.22015
1717757100000000000,2024-06-07T10:45:00+00:00,BTCUSDT-PERP.BINANCE,71404.9,97244.22015,0.0,-2063.7,0.0,97244.22015
1717758000000000000,2024-06-07T11:00:00+00:00,BTCUSDT-PERP.BINANCE,71377.5,97244.22015,0.0,-2063.7,0.0,97244.22015
1717758900000000000,2024-06-07T11:15:00+00:00,BTCUSDT-PERP.BINANCE,71440.9,97244.22015,0.0,-2063.7,0.0,97244.22015
1717759800000000000,2024-06-07T11:30:00+00:00,BTCUSDT-PERP.BINANCE,71576.2,97244.22015,0.0,-2063.7,0.0,97244.22015
1717760700000000000,2024-06-07T11:45:00+00:00,BTCUSDT-PERP.BINANCE,71750.0,97244.22015,0.0,-2063.7,0.0,97244.22015
1717761600000000000,2024-06-07T12:00:00+00:00,BTCUSDT-PERP.BINANCE,71924.2,97244.22015,0.0,-2063.7,0.0,97244.22015
1717762500000000000,2024-06-07T12:15:00+00:00,BTCUSDT-PERP.BINANCE,71986.1,97244.22015,0.0,-2063.7,0.0,97244.22015
1717763400000000000,2024-06-07T12:30:00+00:00,BTCUSDT-PERP.BINANCE,71064.3,97244.22015,0.0,-2063.7,0.0,97244.22015
1717764300000000000,2024-06-07T12:45:00+00:00,BTCUSDT-PERP.BINANCE,71274.0,97244.22015,0.0,-2063.7,0.0,97244.22015
1717765200000000000,2024-06-07T13:00:00+00:00,BTCUSDT-PERP.BINANCE,71234.0,97244.22015,0.0,-2063.7,0.0,97244.22015
1717766100000000000,2024-06-07T13:15:00+00:00,BTCUSDT-PERP.BINANCE,71416.0,97244.22015,0.0,-2063.7,0.0,97244.22015
1717767000000000000,2024-06-07T13:30:00+00:00,BTCUSDT-PERP.BINANCE,71583.1,97244.22015,0.0,-2063.7,0.0,97244.22015
1717767900000000000,2024-06-07T13:45:00+00:00,BTCUSDT-PERP.BINANCE,71576.8,97244.22015,0.0,-2063.7,0.0,97244.22015
1717768800000000000,2024-06-07T14:00:00+00:00,BTCUSDT-PERP.BINANCE,71408.3,97244.22015,0.0,-2063.7,0.0,97244.22015
1717769700000000000,2024-06-07T14:15:00+00:00,BTCUSDT-PERP.BINANCE,71375.6,97244.22015,0.0,-2063.7,0.0,97244.22015
1717770600000000000,2024-06-07T14:30:00+00:00,BTCUSDT-PERP.BINANCE,71462.4,97244.22015,0.0,-2063.7,0.0,97244.22015
1717771500000000000,2024-06-07T14:45:00+00:00,BTCUSDT-PERP.BINANCE,71466.0,97244.22015,0.0,-2063.7,0.0,97244.22015
1717772400000000000,2024-06-07T15:00:00+00:00,BTCUSDT-PERP.BINANCE,71364.9,97244.22015,0.0,-2063.7,0.0,97244.22015
1717773300000000000,2024-06-07T15:15:00+00:00,BTCUSDT-PERP.BINANCE,71130.8,97244.22015,0.0,-2063.7,0.0,97244.22015
1717774200000000000,2024-06-07T15:30:00+00:00,BTCUSDT-PERP.BINANCE,70992.3,97244.22015,0.0,-2063.7,0.0,97244.22015
1717775100000000000,2024-06-07T15:45:00+00:00,BTCUSDT-PERP.BINANCE,71150.0,97244.22015,0.0,-2063.7,0.0,97244.22015
1717776000000000000,2024-06-07T16:00:00+00:00,BTCUSDT-PERP.BINANCE,71122.1,97244.22015,0.0,-2063.7,0.0,97244.22015
1717776900000000000,2024-06-07T16:15:00+00:00,BTCUSDT-PERP.BINANCE,71214.6,97244.22015,0.0,-2063.7,0.0,97244.22015
1717777800000000000,2024-06-07T16:30:00+00:00,BTCUSDT-PERP.BINANCE,71086.1,97244.22015,0.0,-2063.7,0.0,97244.22015
1717778700000000000,2024-06-07T16:45:00+00:00,BTCUSDT-PERP.BINANCE,70921.3,97244.22015,0.0,-2063.7,0.0,97244.22015
1717779600000000000,2024-06-07T17:00:00+00:00,BTCUSDT-PERP.BINANCE,70704.1,97244.22015,0.0,-2063.7,0.0,97244.22015
1717780500000000000,2024-06-07T17:15:00+00:00,BTCUSDT-PERP.BINANCE,70484.9,97244.22015,0.0,-2063.7,0.0,97244.22015
1717781400000000000,2024-06-07T17:30:00+00:00,BTCUSDT-PERP.BINANCE,70305.0,97244.22015,0.0,-2063.7,0.0,97244.22015
1717782300000000000,2024-06-07T17:45:00+00:00,BTCUSDT-PERP.BINANCE,69834.0,97244.22015,0.0,-2063.7,0.0,97244.22015
1717783200000000000,2024-06-07T18:00:00+00:00,BTCUSDT-PERP.BINANCE,68543.0,97244.22015,0.0,-2063.7,0.0,97244.22015
1717784100000000000,2024-06-07T18:15:00+00:00,BTCUSDT-PERP.BINANCE,69081.0,97244.22015,0.0,-2063.7,0.0,97244.22015
1717785000000000000,2024-06-07T18:30:00+00:00,BTCUSDT-PERP.BINANCE,69268.1,97244.22015,0.0,-2063.7,0.0,97244.22015
1717785900000000000,2024-06-07T18:45:00+00:00,BTCUSDT-PERP.BINANCE,69186.5,97244.22015,0.0,-2063.7,0.0,97244.22015
1717786800000000000,2024-06-07T19:00:00+00:00,BTCUSDT-PERP.BINANCE,69120.4,97244.22015,0.0,-2063.7,0.0,97244.22015
1717787700000000000,2024-06-07T19:15:00+00:00,BTCUSDT-PERP.BINANCE,69227.6,97244.22015,0.0,-2063.7,0.0,97244.22015
1717788600000000000,2024-06-07T19:30:00+00:00,BTCUSDT-PERP.BINANCE,69485.0,97244.22015,0.0,-2063.7,0.0,97244.22015
1717789500000000000,2024-06-07T19:45:00+00:00,BTCUSDT-PERP.BINANCE,69287.2,97244.22015,0.0,-2063.7,0.0,97244.22015
1717790400000000000,2024-06-07T20:00:00+00:00,BTCUSDT-PERP.BINANCE,69137.0,97244.22015,0.0,-2063.7,0.0,97244.22015
1717791300000000000,2024-06-07T20:15:00+00:00,BTCUSDT-PERP.BINANCE,69107.8,97244.22015,0.0,-2063.7,0.0,97244.22015
1717792200000000000,2024-06-07T20:30:00+00:00,BTCUSDT-PERP.BINANCE,69232.8,97244.22015,0.0,-2063.7,0.0,97244.22015
1717793100000000000,2024-06-07T20:45:00+00:00,BTCUSDT-PERP.BINANCE,69338.1,97244.22015,0.0,-2063.7,0.0,97244.22015
1717794000000000000,2024-06-07T21:00:00+00:00,BTCUSDT-PERP.BINANCE,69391.4,97244.22015,0.0,-2063.7,0.0,97244.22015
1717794900000000000,2024-06-07T21:15:00+00:00,BTCUSDT-PERP.BINANCE,69390.0,97244.22015,0.0,-2063.7,0.0,97244.22015
1717795800000000000,2024-06-07T21:30:00+00:00,BTCUSDT-PERP.BINANCE,69325.5,97244.22015,0.0,-2063.7,0.0,97244.22015
1717796700000000000,2024-06-07T21:45:00+00:00,BTCUSDT-PERP.BINANCE,69279.8,97244.22015,0.0,-2063.7,0.0,97244.22015
1717797600000000000,2024-06-07T22:00:00+00:00,BTCUSDT-PERP.BINANCE,69347.6,97244.22015,0.0,-2063.7,0.0,97244.22015
1717798500000000000,2024-06-07T22:15:00+00:00,BTCUSDT-PERP.BINANCE,69385.6,97244.22015,0.0,-2063.7,0.0,97244.22015
1717799400000000000,2024-06-07T22:30:00+00:00,BTCUSDT-PERP.BINANCE,69391.9,97244.22015,0.0,-2063.7,0.0,97244.22015
1717800300000000000,2024-06-07T22:45:00+00:00,BTCUSDT-PERP.BINANCE,69537.9,97244.22015,0.0,-2063.7,0.0,97244.22015
1717801200000000000,2024-06-07T23:00:00+00:00,BTCUSDT-PERP.BINANCE,69421.7,97244.22015,0.0,-2063.7,0.0,97244.22015
1717802100000000000,2024-06-07T23:15:00+00:00,BTCUSDT-PERP.BINANCE,69361.7,97244.22015,0.0,-2063.7,0.0,97244.22015
1717803000000000000,2024-06-07T23:30:00+00:00,BTCUSDT-PERP.BINANCE,69383.9,97244.22015,0.0,-2063.7,0.0,97244.22015
1717803900000000000,2024-06-07T23:45:00+00:00,BTCUSDT-PERP.BINANCE,69377.0,97244.22015,0.0,-2063.7,0.0,97244.22015
