event_time_ns,event_time,instrument_id,side,quantity,fill_price,commission,source
1717206000000000000,2024-06-01T01:40:00+00:00,BTCUSDT-PERP.BINANCE,SELL,1.0,67540.1,33.77005,nautilus
1717207800000000000,2024-06-01T02:10:00+00:00,BTCUSDT-PERP.BINANCE,BUY,1.0,67680.1,33.84005,nautilus
1717219500000000000,2024-06-01T05:25:00+00:00,BTCUSDT-PERP.BINANCE,SELL,1.0,67641.3,33.82065,nautilus
1717220700000000000,2024-06-01T05:45:00+00:00,BTCUSDT-PERP.BINANCE,BUY,1.0,67780.8,33.8904,nautilus
1717226700000000000,2024-06-01T07:25:00+00:00,BTCUSDT-PERP.BINANCE,SELL,1.0,67661.0,33.8305,nautilus
1717227900000000000,2024-06-01T07:45:00+00:00,BTCUSDT-PERP.BINANCE,BUY,1.0,67768.7,33.88435,nautilus
1717239300000000000,2024-06-01T10:55:00+00:00,BTCUSDT-PERP.BINANCE,SELL,1.0,67670.0,33.835,nautilus
1717243800000000000,2024-06-01T12:10:00+00:00,BTCUSDT-PERP.BINANCE,BUY,1.0,67747.1,33.87355,nautilus
1717257300000000000,2024-06-01T15:55:00+00:00,BTCUSDT-PERP.BINANCE,SELL,1.0,67728.2,33.8641,nautilus
1717271100000000000,2024-06-01T19:45:00+00:00,BTCUSDT-PERP.BINANCE,BUY,1.0,67770.2,33.8851,nautilus
1717285200000000000,2024-06-01T23:40:00+00:00,BTCUSDT-PERP.BINANCE,SELL,1.0,67762.3,33.88115,nautilus
1717287600000000000,2024-06-02T00:20:00+00:00,BTCUSDT-PERP.BINANCE,BUY,1.0,67829.6,33.9148,nautilus
1717293600000000000,2024-06-02T02:00:00+00:00,BTCUSDT-PERP.BINANCE,SELL,1.0,67771.9,33.88595,nautilus
1717302900000000000,2024-06-02T04:35:00+00:00,BTCUSDT-PERP.BINANCE,BUY,1.0,67874.9,33.93745,nautilus
1717306800000000000,2024-06-02T05:40:00+00:00,BTCUSDT-PERP.BINANCE,SELL,1.0,67789.9,33.89495,nautilus
1717317600000000000,2024-06-02T08:40:00+00:00,BTCUSDT-PERP.BINANCE,BUY,1.0,67835.5,33.91775,nautilus
1717319700000000000,2024-06-02T09:15:00+00:00,BTCUSDT-PERP.BINANCE,SELL,1.0,67700.1,33.85005,nautilus
1717328100000000000,2024-06-02T11:35:00+00:00,BTCUSDT-PERP.BINANCE,BUY,1.0,67716.5,33.85825,nautilus
1717348800000000000,2024-06-02T17:20:00+00:00,BTCUSDT-PERP.BINANCE,SELL,1.0,68019.8,34.0099,nautilus
1717366800000000000,2024-06-02T22:20:00+00:00,BTCUSDT-PERP.BINANCE,BUY,1.0,67952.4,33.9762,nautilus
1717372200000000000,2024-06-02T23:50:00+00:00,BTCUSDT-PERP.BINANCE,SELL,1.0,67834.0,33.917,nautilus
1717376700000000000,2024-06-03T01:05:00+00:00,BTCUSDT-PERP.BINANCE,BUY,1.0,67959.6,33.9798,nautilus
1717412400000000000,2024-06-03T11:00:00+00:00,BTCUSDT-PERP.BINANCE,SELL,1.0,68949.1,34.47455,nautilus
1717413900000000000,2024-06-03T11:25:00+00:00,BTCUSDT-PERP.BINANCE,BUY,1.0,69246.8,34.6234,nautilus
1717425600000000000,2024-06-03T14:40:00+00:00,BTCUSDT-PERP.BINANCE,SELL,1.0,69244.6,34.6223,nautilus
1717440000000000000,2024-06-03T18:40:00+00:00,BTCUSDT-PERP.BINANCE,BUY,1.0,69416.1,34.70805,nautilus
1717442100000000000,2024-06-03T19:15:00+00:00,BTCUSDT-PERP.BINANCE,SELL,1.0,69157.9,34.57895,nautilus
1717445100000000000,2024-06-03T20:05:00+00:00,BTCUSDT-PERP.BINANCE,BUY,1.0,69297.3,34.64865,nautilus
1717449600000000000,2024-06-03T21:20:00+00:00,BTCUSDT-PERP.BINANCE,SELL,1.0,69100.0,34.55,nautilus
1717462200000000000,2024-06-04T00:50:00+00:00,BTCUSDT-PERP.BINANCE,BUY,1.0,69118.8,34.5594,nautilus
1717477200000000000,2024-06-04T05:00:00+00:00,BTCUSDT-PERP.BINANCE,SELL,1.0,69102.8,34.5514,nautilus
1717488900000000000,2024-06-04T08:15:00+00:00,BTCUSDT-PERP.BINANCE,BUY,1.0,69129.7,34.56485,nautilus
1717491300000000000,2024-06-04T08:55:00+00:00,BTCUSDT-PERP.BINANCE,SELL,1.0,68873.7,34.43685,nautilus
1717497900000000000,2024-06-04T10:45:00+00:00,BTCUSDT-PERP.BINANCE,BUY,1.0,68989.4,34.4947,nautilus
1717529700000000000,2024-06-04T19:35:00+00:00,BTCUSDT-PERP.BINANCE,SELL,1.0,70183.6,35.0918,nautilus
1717538100000000000,2024-06-04T21:55:00+00:00,BTCUSDT-PERP.BINANCE,BUY,1.0,70650.0,35.325,nautilus
1717543500000000000,2024-06-04T23:25:00+00:00,BTCUSDT-PERP.BINANCE,SELL,1.0,70448.5,35.22425,nautilus
1717547400000000000,2024-06-05T00:30:00+00:00,BTCUSDT-PERP.BINANCE,BUY,1.0,70829.6,35.4148,nautilus
1717567200000000000,2024-06-05T06:00:00+00:00,BTCUSDT-PERP.BINANCE,SELL,1.0,70984.2,35.4921,nautilus
1717569900000000000,2024-06-05T06:45:00+00:00,BTCUSDT-PERP.BINANCE,BUY,1.0,71046.5,35.52325,nautilus
1717577400000000000,2024-06-05T08:50:00+00:00,BTCUSDT-PERP.BINANCE,SELL,1.0,70957.9,35.47895,nautilus
1717586700000000000,2024-06-05T11:25:00+00:00,BTCUSDT-PERP.BINANCE,BUY,1.0,70951.5,35.47575,nautilus
1717590000000000000,2024-06-05T12:20:00+00:00,BTCUSDT-PERP.BINANCE,SELL,1.0,70824.0,35.412,nautilus
1717592100000000000,2024-06-05T12:55:00+00:00,BTCUSDT-PERP.BINANCE,BUY,1.0,70992.4,35.4962,nautilus
1717594800000000000,2024-06-05T13:40:00+00:00,BTCUSDT-PERP.BINANCE,SELL,1.0,70870.4,35.4352,nautilus
1717599000000000000,2024-06-05T14:50:00+00:00,BTCUSDT-PERP.BINANCE,BUY,1.0,71025.0,35.5125,nautilus
1717611600000000000,2024-06-05T18:20:00+00:00,BTCUSDT-PERP.BINANCE,SELL,1.0,71218.9,35.60945,nautilus
1717617600000000000,2024-06-05T20:00:00+00:00,BTCUSDT-PERP.BINANCE,BUY,1.0,71231.8,35.6159,nautilus
1717622400000000000,2024-06-05T21:20:00+00:00,BTCUSDT-PERP.BINANCE,SELL,1.0,71100.0,35.55,nautilus
1717625700000000000,2024-06-05T22:15:00+00:00,BTCUSDT-PERP.BINANCE,BUY,1.0,71198.0,35.599,nautilus
1717645800000000000,2024-06-06T03:50:00+00:00,BTCUSDT-PERP.BINANCE,SELL,1.0,71063.6,35.5318,nautilus
1717650000000000000,2024-06-06T05:00:00+00:00,BTCUSDT-PERP.BINANCE,BUY,1.0,71059.4,35.5297,nautilus
1717650600000000000,2024-06-06T05:10:00+00:00,BTCUSDT-PERP.BINANCE,SELL,1.0,70913.2,35.4566,nautilus
1717654500000000000,2024-06-06T06:15:00+00:00,BTCUSDT-PERP.BINANCE,BUY,1.0,71010.9,35.50545,nautilus
1717679400000000000,2024-06-06T13:10:00+00:00,BTCUSDT-PERP.BINANCE,SELL,1.0,71156.2,35.5781,nautilus
1717680900000000000,2024-06-06T13:35:00+00:00,BTCUSDT-PERP.BINANCE,BUY,1.0,71371.2,35.6856,nautilus
1717690200000000000,2024-06-06T16:10:00+00:00,BTCUSDT-PERP.BINANCE,SELL,1.0,71177.0,35.5885,nautilus
1717715100000000000,2024-06-06T23:05:00+00:00,BTCUSDT-PERP.BINANCE,BUY,1.0,70946.5,35.47325,nautilus
1717723200000000000,2024-06-07T01:20:00+00:00,BTCUSDT-PERP.BINANCE,SELL,1.0,70790.3,35.39515,nautilus
1717725300000000000,2024-06-07T01:55:00+00:00,BTCUSDT-PERP.BINANCE,BUY,1.0,70870.0,35.435,nautilus
1717727700000000000,2024-06-07T02:35:00+00:00,BTCUSDT-PERP.BINANCE,SELL,1.0,70726.6,35.3633,nautilus
1717729500000000000,2024-06-07T03:05:00+00:00,BTCUSDT-PERP.BINANCE,BUY,1.0,70817.0,35.4085,nautilus
1717746300000000000,2024-06-07T07:45:00+00:00,BTCUSDT-PERP.BINANCE,SELL,1.0,71136.7,35.56835,nautilus
1717752600000000000,2024-06-07T09:30:00+00:00,BTCUSDT-PERP.BINANCE,BUY,1.0,71205.9,35.60295,nautilus
1717763700000000000,2024-06-07T12:35:00+00:00,BTCUSDT-PERP.BINANCE,SELL,1.0,70920.6,35.4603,nautilus
1717801200000000000,2024-06-07T23:00:00+00:00,BTCUSDT-PERP.BINANCE,BUY,1.0,69466.9,34.73345,nautilus
1717819800000000000,2024-06-08T04:10:00+00:00,BTCUSDT-PERP.BINANCE,SELL,1.0,69456.9,34.72845,nautilus
1717828200000000000,2024-06-08T06:30:00+00:00,BTCUSDT-PERP.BINANCE,BUY,1.0,69403.9,34.70195,nautilus
1717842000000000000,2024-06-08T10:20:00+00:00,BTCUSDT-PERP.BINANCE,SELL,1.0,69423.8,34.7119,nautilus
1717844100000000000,2024-06-08T10:55:00+00:00,BTCUSDT-PERP.BINANCE,BUY,1.0,69498.7,34.74935,nautilus
1717847400000000000,2024-06-08T11:50:00+00:00,BTCUSDT-PERP.BINANCE,SELL,1.0,69365.6,34.6828,nautilus
1717855200000000000,2024-06-08T14:00:00+00:00,BTCUSDT-PERP.BINANCE,BUY,1.0,69411.8,34.7059,nautilus
1717863600000000000,2024-06-08T16:20:00+00:00,BTCUSDT-PERP.BINANCE,SELL,1.0,69401.7,34.70085,nautilus
1717866900000000000,2024-06-08T17:15:00+00:00,BTCUSDT-PERP.BINANCE,BUY,1.0,69478.0,34.739,nautilus
1717878300000000000,2024-06-08T20:25:00+00:00,BTCUSDT-PERP.BINANCE,SELL,1.0,69431.1,34.71555,nautilus
1717897200000000000,2024-06-09T01:40:00+00:00,BTCUSDT-PERP.BINANCE,BUY,1.0,69355.2,34.6776,nautilus
1717899300000000000,2024-06-09T02:15:00+00:00,BTCUSDT-PERP.BINANCE,SELL,1.0,69291.9,34.64595,nautilus
1717905000000000000,2024-06-09T03:50:00+00:00,BTCUSDT-PERP.BINANCE,BUY,1.0,69313.7,34.65685,nautilus
1717925700000000000,2024-06-09T09:35:00+00:00,BTCUSDT-PERP.BINANCE,SELL,1.0,69379.0,34.6895,nautilus
1717930500000000000,2024-06-09T10:55:00+00:00,BTCUSDT-PERP.BINANCE,BUY,1.0,69381.8,34.6909,nautilus
1717931100000000000,2024-06-09T11:05:00+00:00,BTCUSDT-PERP.BINANCE,SELL,1.0,69371.3,34.68565,nautilus
1717933200000000000,2024-06-09T11:40:00+00:00,BTCUSDT-PERP.BINANCE,BUY,1.0,69428.0,34.714,nautilus
1717964700000000000,2024-06-09T20:25:00+00:00,BTCUSDT-PERP.BINANCE,SELL,1.0,69698.6,34.8493,nautilus
1717967400000000000,2024-06-09T21:10:00+00:00,BTCUSDT-PERP.BINANCE,BUY,1.0,69736.9,34.86845,nautilus
1717968900000000000,2024-06-09T21:35:00+00:00,BTCUSDT-PERP.BINANCE,SELL,1.0,69635.3,34.81765,nautilus
1717969800000000000,2024-06-09T21:50:00+00:00,BTCUSDT-PERP.BINANCE,BUY,1.0,69807.0,34.9035,nautilus
1717973700000000000,2024-06-09T22:55:00+00:00,BTCUSDT-PERP.BINANCE,SELL,1.0,69666.0,34.833,nautilus
1717982400000000000,2024-06-10T01:20:00+00:00,BTCUSDT-PERP.BINANCE,BUY,1.0,69572.6,34.7863,nautilus
1717992900000000000,2024-06-10T04:15:00+00:00,BTCUSDT-PERP.BINANCE,SELL,1.0,69608.1,34.80405,nautilus
1718008800000000000,2024-06-10T08:40:00+00:00,BTCUSDT-PERP.BINANCE,BUY,1.0,69512.7,34.75635,nautilus
1718010300000000000,2024-06-10T09:05:00+00:00,BTCUSDT-PERP.BINANCE,SELL,1.0,69412.7,34.70635,nautilus
1718013600000000000,2024-06-10T10:00:00+00:00,BTCUSDT-PERP.BINANCE,BUY,1.0,69425.2,34.7126,nautilus
1718015700000000000,2024-06-10T10:35:00+00:00,BTCUSDT-PERP.BINANCE,SELL,1.0,69397.4,34.6987,nautilus
1718016900000000000,2024-06-10T10:55:00+00:00,BTCUSDT-PERP.BINANCE,BUY,1.0,69472.2,34.7361,nautilus
1718019000000000000,2024-06-10T11:30:00+00:00,BTCUSDT-PERP.BINANCE,SELL,1.0,69404.1,34.70205,nautilus
1718019600000000000,2024-06-10T11:40:00+00:00,BTCUSDT-PERP.BINANCE,BUY,1.0,69558.0,34.779,nautilus
1718024400000000000,2024-06-10T13:00:00+00:00,BTCUSDT-PERP.BINANCE,SELL,1.0,69316.0,34.658,nautilus
1718026800000000000,2024-06-10T13:40:00+00:00,BTCUSDT-PERP.BINANCE,BUY,1.0,69508.7,34.75435,nautilus
1718046000000000000,2024-06-10T19:00:00+00:00,BTCUSDT-PERP.BINANCE,SELL,1.0,69780.0,34.89,nautilus
1718064300000000000,2024-06-11T00:05:00+00:00,BTCUSDT-PERP.BINANCE,BUY,1.0,69554.4,34.7772,nautilus
1718067300000000000,2024-06-11T00:55:00+00:00,BTCUSDT-PERP.BINANCE,SELL,1.0,69454.6,34.7273,nautilus
1718111700000000000,2024-06-11T13:15:00+00:00,BTCUSDT-PERP.BINANCE,BUY,1.0,67271.2,33.6356,nautilus
1718113500000000000,2024-06-11T13:45:00+00:00,BTCUSDT-PERP.BINANCE,SELL,1.0,66840.1,33.42005,nautilus
1718129700000000000,2024-06-11T18:15:00+00:00,BTCUSDT-PERP.BINANCE,BUY,1.0,66941.3,33.47065,nautilus
1718152200000000000,2024-06-12T00:30:00+00:00,BTCUSDT-PERP.BINANCE,SELL,1.0,67207.1,33.60355,nautilus
1718158200000000000,2024-06-12T02:10:00+00:00,BTCUSDT-PERP.BINANCE,BUY,1.0,67396.6,33.6983,nautilus
1718170500000000000,2024-06-12T05:35:00+00:00,BTCUSDT-PERP.BINANCE,SELL,1.0,67332.9,33.66645,nautilus
1718177400000000000,2024-06-12T07:30:00+00:00,BTCUSDT-PERP.BINANCE,BUY,1.0,67380.9,33.69045,nautilus
1718215500000000000,2024-06-12T18:05:00+00:00,BTCUSDT-PERP.BINANCE,SELL,1.0,69135.1,34.56755,nautilus
1718240100000000000,2024-06-13T00:55:00+00:00,BTCUSDT-PERP.BINANCE,BUY,1.0,68331.0,34.1655,nautilus
1718241600000000000,2024-06-13T01:20:00+00:00,BTCUSDT-PERP.BINANCE,SELL,1.0,68142.6,34.0713,nautilus
1718263500000000000,2024-06-13T07:25:00+00:00,BTCUSDT-PERP.BINANCE,BUY,1.0,67682.5,33.84125,nautilus
1718268300000000000,2024-06-13T08:45:00+00:00,BTCUSDT-PERP.BINANCE,SELL,1.0,67532.0,33.766,nautilus
1718275500000000000,2024-06-13T10:45:00+00:00,BTCUSDT-PERP.BINANCE,BUY,1.0,67609.0,33.8045,nautilus
1718287800000000000,2024-06-13T14:10:00+00:00,BTCUSDT-PERP.BINANCE,SELL,1.0,67436.1,33.71805,nautilus
1718313300000000000,2024-06-13T21:15:00+00:00,BTCUSDT-PERP.BINANCE,BUY,1.0,66761.1,33.38055,nautilus
1718320200000000000,2024-06-13T23:10:00+00:00,BTCUSDT-PERP.BINANCE,SELL,1.0,66738.1,33.36905,nautilus
1718330700000000000,2024-06-14T02:05:00+00:00,BTCUSDT-PERP.BINANCE,BUY,1.0,66729.7,33.36485,nautilus
1718341200000000000,2024-06-14T05:00:00+00:00,BTCUSDT-PERP.BINANCE,SELL,1.0,66771.9,33.38595,nautilus
1718341500000000000,2024-06-14T05:05:00+00:00,BTCUSDT-PERP.BINANCE,BUY,1.0,66810.0,33.405,nautilus
1718358000000000000,2024-06-14T09:40:00+00:00,BTCUSDT-PERP.BINANCE,SELL,1.0,66927.1,33.46355,nautilus
1718364600000000000,2024-06-14T11:30:00+00:00,BTCUSDT-PERP.BINANCE,BUY,1.0,67053.2,33.5266,nautilus
1718374500000000000,2024-06-14T14:15:00+00:00,BTCUSDT-PERP.BINANCE,SELL,1.0,66890.1,33.44505,nautilus
1718396700000000000,2024-06-14T20:25:00+00:00,BTCUSDT-PERP.BINANCE,BUY,1.0,65895.8,32.9479,nautilus
1718434500000000000,2024-06-15T06:55:00+00:00,BTCUSDT-PERP.BINANCE,SELL,1.0,66171.6,33.0858,nautilus
1718442300000000000,2024-06-15T09:05:00+00:00,BTCUSDT-PERP.BINANCE,BUY,1.0,66264.8,33.1324,nautilus
1718460300000000000,2024-06-15T14:05:00+00:00,BTCUSDT-PERP.BINANCE,SELL,1.0,66239.6,33.1198,nautilus
1718464500000000000,2024-06-15T15:15:00+00:00,BTCUSDT-PERP.BINANCE,BUY,1.0,66425.8,33.2129,nautilus
1718471100000000000,2024-06-15T17:05:00+00:00,BTCUSDT-PERP.BINANCE,SELL,1.0,66173.2,33.0866,nautilus
1718473500000000000,2024-06-15T17:45:00+00:00,BTCUSDT-PERP.BINANCE,BUY,1.0,66245.3,33.12265,nautilus
1718475300000000000,2024-06-15T18:15:00+00:00,BTCUSDT-PERP.BINANCE,SELL,1.0,66143.0,33.0715,nautilus
1718481000000000000,2024-06-15T19:50:00+00:00,BTCUSDT-PERP.BINANCE,BUY,1.0,66142.5,33.07125,nautilus
1718481600000000000,2024-06-15T20:00:00+00:00,BTCUSDT-PERP.BINANCE,SELL,1.0,66164.7,33.08235,nautilus
1718492400000000000,2024-06-15T23:00:00+00:00,BTCUSDT-PERP.BINANCE,BUY,1.0,66225.3,33.11265,nautilus
1718496900000000000,2024-06-16T00:15:00+00:00,BTCUSDT-PERP.BINANCE,SELL,1.0,66216.8,33.1084,nautilus
1718497500000000000,2024-06-16T00:25:00+00:00,BTCUSDT-PERP.BINANCE,BUY,1.0,66236.4,33.1182,nautilus
1718499300000000000,2024-06-16T00:55:00+00:00,BTCUSDT-PERP.BINANCE,SELL,1.0,66157.3,33.07865,nautilus
1718513400000000000,2024-06-16T04:50:00+00:00,BTCUSDT-PERP.BINANCE,BUY,1.0,66154.5,33.07725,nautilus
1718549700000000000,2024-06-16T14:55:00+00:00,BTCUSDT-PERP.BINANCE,SELL,1.0,66501.5,33.25075,nautilus
1718552700000000000,2024-06-16T15:45:00+00:00,BTCUSDT-PERP.BINANCE,BUY,1.0,66633.3,33.31665,nautilus
1718556300000000000,2024-06-16T16:45:00+00:00,BTCUSDT-PERP.BINANCE,SELL,1.0,66576.8,33.2884,nautilus
1718562600000000000,2024-06-16T18:30:00+00:00,BTCUSDT-PERP.BINANCE,BUY,1.0,66623.1,33.31155,nautilus
1718566200000000000,2024-06-16T19:30:00+00:00,BTCUSDT-PERP.BINANCE,SELL,1.0,66545.0,33.2725,nautilus
1718570700000000000,2024-06-16T20:45:00+00:00,BTCUSDT-PERP.BINANCE,BUY,1.0,66524.0,33.262,nautilus
1718571000000000000,2024-06-16T20:50:00+00:00,BTCUSDT-PERP.BINANCE,SELL,1.0,66467.5,33.23375,nautilus
1718575500000000000,2024-06-16T22:05:00+00:00,BTCUSDT-PERP.BINANCE,BUY,1.0,66929.2,33.4646,nautilus
1718586300000000000,2024-06-17T01:05:00+00:00,BTCUSDT-PERP.BINANCE,SELL,1.0,66581.9,33.29095,nautilus
1718600700000000000,2024-06-17T05:05:00+00:00,BTCUSDT-PERP.BINANCE,BUY,1.0,66406.1,33.20305,nautilus
1718604300000000000,2024-06-17T06:05:00+00:00,BTCUSDT-PERP.BINANCE,SELL,1.0,66256.1,33.12805,nautilus
1718610300000000000,2024-06-17T07:45:00+00:00,BTCUSDT-PERP.BINANCE,BUY,1.0,66242.4,33.1212,nautilus
1718611500000000000,2024-06-17T08:05:00+00:00,BTCUSDT-PERP.BINANCE,SELL,1.0,66195.3,33.09765,nautilus
1718635500000000000,2024-06-17T14:45:00+00:00,BTCUSDT-PERP.BINANCE,BUY,1.0,65659.5,32.82975,nautilus
1718637300000000000,2024-06-17T15:15:00+00:00,BTCUSDT-PERP.BINANCE,SELL,1.0,65313.9,32.65695,nautilus
1718641500000000000,2024-06-17T16:25:00+00:00,BTCUSDT-PERP.BINANCE,BUY,1.0,65800.4,32.9002,nautilus
1718654700000000000,2024-06-17T20:05:00+00:00,BTCUSDT-PERP.BINANCE,SELL,1.0,66182.2,33.0911,nautilus
1718665500000000000,2024-06-17T23:05:00+00:00,BTCUSDT-PERP.BINANCE,BUY,1.0,66627.0,33.3135,nautilus
1718667000000000000,2024-06-17T23:30:00+00:00,BTCUSDT-PERP.BINANCE,SELL,1.0,66461.5,33.23075,nautilus
1718685300000000000,2024-06-18T04:35:00+00:00,BTCUSDT-PERP.BINANCE,BUY,1.0,65671.9,32.83595,nautilus
1718699100000000000,2024-06-18T08:25:00+00:00,BTCUSDT-PERP.BINANCE,SELL,1.0,65575.9,32.78795,nautilus
1718700600000000000,2024-06-18T08:50:00+00:00,BTCUSDT-PERP.BINANCE,BUY,1.0,65724.5,32.86225,nautilus
1718723100000000000,2024-06-18T15:05:00+00:00,BTCUSDT-PERP.BINANCE,SELL,1.0,64474.2,32.2371,nautilus
1718744100000000000,2024-06-18T20:55:00+00:00,BTCUSDT-PERP.BINANCE,BUY,1.0,64908.2,32.4541,nautilus
1718755800000000000,2024-06-19T00:10:00+00:00,BTCUSDT-PERP.BINANCE,SELL,1.0,65028.8,32.5144,nautilus
1718758800000000000,2024-06-19T01:00:00+00:00,BTCUSDT-PERP.BINANCE,BUY,1.0,65330.0,32.665,nautilus
1718781900000000000,2024-06-19T07:25:00+00:00,BTCUSDT-PERP.BINANCE,SELL,1.0,65212.0,32.606,nautilus
1718792100000000000,2024-06-19T10:15:00+00:00,BTCUSDT-PERP.BINANCE,BUY,1.0,65182.2,32.5911,nautilus
1718792700000000000,2024-06-19T10:25:00+00:00,BTCUSDT-PERP.BINANCE,SELL,1.0,65122.0,32.561,nautilus
1718794200000000000,2024-06-19T10:50:00+00:00,BTCUSDT-PERP.BINANCE,BUY,1.0,65320.9,32.66045,nautilus
1718823300000000000,2024-06-19T18:55:00+00:00,BTCUSDT-PERP.BINANCE,SELL,1.0,64941.2,32.4706,nautilus
1718832000000000000,2024-06-19T21:20:00+00:00,BTCUSDT-PERP.BINANCE,BUY,1.0,64971.7,32.48585,nautilus
1718837400000000000,2024-06-19T22:50:00+00:00,BTCUSDT-PERP.BINANCE,SELL,1.0,64860.0,32.43,nautilus
1718842500000000000,2024-06-20T00:15:00+00:00,BTCUSDT-PERP.BINANCE,BUY,1.0,64866.5,32.43325,nautilus
1718849400000000000,2024-06-20T02:10:00+00:00,BTCUSDT-PERP.BINANCE,SELL,1.0,65018.6,32.5093,nautilus
1718850600000000000,2024-06-20T02:30:00+00:00,BTCUSDT-PERP.BINANCE,BUY,1.0,65187.5,32.59375,nautilus
1718888400000000000,2024-06-20T13:00:00+00:00,BTCUSDT-PERP.BINANCE,SELL,1.0,65842.8,32.9214,nautilus
1718906700000000000,2024-06-20T18:05:00+00:00,BTCUSDT-PERP.BINANCE,BUY,1.0,65016.9,32.50845,nautilus
1718923200000000000,2024-06-20T22:40:00+00:00,BTCUSDT-PERP.BINANCE,SELL,1.0,64969.6,32.4848,nautilus
1718934000000000000,2024-06-21T01:40:00+00:00,BTCUSDT-PERP.BINANCE,BUY,1.0,64887.4,32.4437,nautilus
1718955900000000000,2024-06-21T07:45:00+00:00,BTCUSDT-PERP.BINANCE,SELL,1.0,64452.0,32.226,nautilus
1718976900000000000,2024-06-21T13:35:00+00:00,BTCUSDT-PERP.BINANCE,BUY,1.0,63752.5,31.87625,nautilus
1718984700000000000,2024-06-21T15:45:00+00:00,BTCUSDT-PERP.BINANCE,SELL,1.0,63545.5,31.77275,nautilus
1718992500000000000,2024-06-21T17:55:00+00:00,BTCUSDT-PERP.BINANCE,BUY,1.0,63651.7,31.82585,nautilus
1719005100000000000,2024-06-21T21:25:00+00:00,BTCUSDT-PERP.BINANCE,SELL,1.0,63900.0,31.95,nautilus
1719015300000000000,2024-06-22T00:15:00+00:00,BTCUSDT-PERP.BINANCE,BUY,1.0,64122.4,32.0612,nautilus
1719016500000000000,2024-06-22T00:35:00+00:00,BTCUSDT-PERP.BINANCE,SELL,1.0,63960.9,31.98045,nautilus
1719020700000000000,2024-06-22T01:45:00+00:00,BTCUSDT-PERP.BINANCE,BUY,1.0,64180.0,32.09,nautilus
1719040500000000000,2024-06-22T07:15:00+00:00,BTCUSDT-PERP.BINANCE,SELL,1.0,64328.0,32.164,nautilus
1719042300000000000,2024-06-22T07:45:00+00:00,BTCUSDT-PERP.BINANCE,BUY,1.0,64440.2,32.2201,nautilus
1719044400000000000,2024-06-22T08:20:00+00:00,BTCUSDT-PERP.BINANCE,SELL,1.0,64336.3,32.16815,nautilus
1719059100000000000,2024-06-22T12:25:00+00:00,BTCUSDT-PERP.BINANCE,BUY,1.0,64286.4,32.1432,nautilus
1719061800000000000,2024-06-22T13:10:00+00:00,BTCUSDT-PERP.BINANCE,SELL,1.0,64226.6,32.1133,nautilus
1719066000000000000,2024-06-22T14:20:00+00:00,BTCUSDT-PERP.BINANCE,BUY,1.0,64333.6,32.1668,nautilus
1719083400000000000,2024-06-22T19:10:00+00:00,BTCUSDT-PERP.BINANCE,SELL,1.0,64246.5,32.12325,nautilus
1719086700000000000,2024-06-22T20:05:00+00:00,BTCUSDT-PERP.BINANCE,BUY,1.0,64263.5,32.13175,nautilus
1719099600000000000,2024-06-22T23:40:00+00:00,BTCUSDT-PERP.BINANCE,SELL,1.0,64242.1,32.12105,nautilus
1719101700000000000,2024-06-23T00:15:00+00:00,BTCUSDT-PERP.BINANCE,BUY,1.0,64321.2,32.1606,nautilus
1719116700000000000,2024-06-23T04:25:00+00:00,BTCUSDT-PERP.BINANCE,SELL,1.0,64350.5,32.17525,nautilus
1719124800000000000,2024-06-23T06:40:00+00:00,BTCUSDT-PERP.BINANCE,BUY,1.0,64367.7,32.18385,nautilus
1719126300000000000,2024-06-23T07:05:00+00:00,BTCUSDT-PERP.BINANCE,SELL,1.0,64365.5,32.18275,nautilus
1719126900000000000,2024-06-23T07:15:00+00:00,BTCUSDT-PERP.BINANCE,BUY,1.0,64395.3,32.19765,nautilus
1719150300000000000,2024-06-23T13:45:00+00:00,BTCUSDT-PERP.BINANCE,SELL,1.0,64229.9,32.11495,nautilus
1719169800000000000,2024-06-23T19:10:00+00:00,BTCUSDT-PERP.BINANCE,BUY,1.0,64129.9,32.06495,nautilus
1719174000000000000,2024-06-23T20:20:00+00:00,BTCUSDT-PERP.BINANCE,SELL,1.0,64009.4,32.0047,nautilus
1719215100000000000,2024-06-24T07:45:00+00:00,BTCUSDT-PERP.BINANCE,BUY,1.0,62538.5,31.26925,nautilus
1719220500000000000,2024-06-24T09:15:00+00:00,BTCUSDT-PERP.BINANCE,SELL,1.0,62500.0,31.25,nautilus
1719236400000000000,2024-06-24T13:40:00+00:00,BTCUSDT-PERP.BINANCE,BUY,1.0,61298.5,30.64925,nautilus
1719243600000000000,2024-06-24T15:40:00+00:00,BTCUSDT-PERP.BINANCE,SELL,1.0,61136.5,30.56825,nautilus
1719267900000000000,2024-06-24T22:25:00+00:00,BTCUSDT-PERP.BINANCE,BUY,1.0,60144.0,30.072,nautilus
1719294600000000000,2024-06-25T05:50:00+00:00,BTCUSDT-PERP.BINANCE,SELL,1.0,60982.2,30.4911,nautilus
1719308100000000000,2024-06-25T09:35:00+00:00,BTCUSDT-PERP.BINANCE,BUY,1.0,61074.8,30.5374,nautilus
1719319800000000000,2024-06-25T12:50:00+00:00,BTCUSDT-PERP.BINANCE,SELL,1.0,60984.1,30.49205,nautilus
1719321900000000000,2024-06-25T13:25:00+00:00,BTCUSDT-PERP.BINANCE,BUY,1.0,61236.6,30.6183,nautilus
1719333000000000000,2024-06-25T16:30:00+00:00,BTCUSDT-PERP.BINANCE,SELL,1.0,61488.8,30.7444,nautilus
1719336300000000000,2024-06-25T17:25:00+00:00,BTCUSDT-PERP.BINANCE,BUY,1.0,61714.3,30.85715,nautilus
1719338400000000000,2024-06-25T18:00:00+00:00,BTCUSDT-PERP.BINANCE,SELL,1.0,61332.7,30.66635,nautilus
1719340200000000000,2024-06-25T18:30:00+00:00,BTCUSDT-PERP.BINANCE,BUY,1.0,61926.6,30.9633,nautilus
1719356100000000000,2024-06-25T22:55:00+00:00,BTCUSDT-PERP.BINANCE,SELL,1.0,61885.7,30.94285,nautilus
1719364500000000000,2024-06-26T01:15:00+00:00,BTCUSDT-PERP.BINANCE,BUY,1.0,61954.0,30.977,nautilus
1719376500000000000,2024-06-26T04:35:00+00:00,BTCUSDT-PERP.BINANCE,SELL,1.0,61708.7,30.85435,nautilus
1719386400000000000,2024-06-26T07:20:00+00:00,BTCUSDT-PERP.BINANCE,BUY,1.0,61721.6,30.8608,nautilus
1719390000000000000,2024-06-26T08:20:00+00:00,BTCUSDT-PERP.BINANCE,SELL,1.0,61524.8,30.7624,nautilus
1719400200000000000,2024-06-26T11:10:00+00:00,BTCUSDT-PERP.BINANCE,BUY,1.0,61507.1,30.75355,nautilus
1719416100000000000,2024-06-26T15:35:00+00:00,BTCUSDT-PERP.BINANCE,SELL,1.0,61235.9,30.61795,nautilus
1719432000000000000,2024-06-26T20:00:00+00:00,BTCUSDT-PERP.BINANCE,BUY,1.0,61059.1,30.52955,nautilus
1719441300000000000,2024-06-26T22:35:00+00:00,BTCUSDT-PERP.BINANCE,SELL,1.0,60906.6,30.4533,nautilus
1719447900000000000,2024-06-27T00:25:00+00:00,BTCUSDT-PERP.BINANCE,BUY,1.0,60838.9,30.41945,nautilus
1719465900000000000,2024-06-27T05:25:00+00:00,BTCUSDT-PERP.BINANCE,SELL,1.0,60935.0,30.4675,nautilus
1719476100000000000,2024-06-27T08:15:00+00:00,BTCUSDT-PERP.BINANCE,BUY,1.0,60810.0,30.405,nautilus
1719477000000000000,2024-06-27T08:30:00+00:00,BTCUSDT-PERP.BINANCE,SELL,1.0,60745.1,30.37255,nautilus
1719478800000000000,2024-06-27T09:00:00+00:00,BTCUSDT-PERP.BINANCE,BUY,1.0,60846.8,30.4234,nautilus
1719492300000000000,2024-06-27T12:45:00+00:00,BTCUSDT-PERP.BINANCE,SELL,1.0,61148.1,30.57405,nautilus
1719493500000000000,2024-06-27T13:05:00+00:00,BTCUSDT-PERP.BINANCE,BUY,1.0,61703.0,30.8515,nautilus
1719500700000000000,2024-06-27T15:05:00+00:00,BTCUSDT-PERP.BINANCE,SELL,1.0,61717.7,30.85885,nautilus
1719508500000000000,2024-06-27T17:15:00+00:00,BTCUSDT-PERP.BINANCE,BUY,1.0,61801.2,30.9006,nautilus
1719515100000000000,2024-06-27T19:05:00+00:00,BTCUSDT-PERP.BINANCE,SELL,1.0,61600.0,30.8,nautilus
1719526800000000000,2024-06-27T22:20:00+00:00,BTCUSDT-PERP.BINANCE,BUY,1.0,61632.7,30.81635,nautilus
1719534600000000000,2024-06-28T00:30:00+00:00,BTCUSDT-PERP.BINANCE,SELL,1.0,61501.5,30.75075,nautilus
1719537600000000000,2024-06-28T01:20:00+00:00,BTCUSDT-PERP.BINANCE,BUY,1.0,62024.9,31.01245,nautilus
1719548400000000000,2024-06-28T04:20:00+00:00,BTCUSDT-PERP.BINANCE,SELL,1.0,61611.4,30.8057,nautilus
1719568200000000000,2024-06-28T09:50:00+00:00,BTCUSDT-PERP.BINANCE,BUY,1.0,61537.4,30.7687,nautilus
1719578400000000000,2024-06-28T12:40:00+00:00,BTCUSDT-PERP.BINANCE,SELL,1.0,61476.7,30.73835,nautilus
1719582300000000000,2024-06-28T13:45:00+00:00,BTCUSDT-PERP.BINANCE,BUY,1.0,61684.0,30.842,nautilus
1719584100000000000,2024-06-28T14:15:00+00:00,BTCUSDT-PERP.BINANCE,SELL,1.0,61129.4,30.5647,nautilus
1719595800000000000,2024-06-28T17:30:00+00:00,BTCUSDT-PERP.BINANCE,BUY,1.0,61022.8,30.5114,nautilus
1719596700000000000,2024-06-28T17:45:00+00:00,BTCUSDT-PERP.BINANCE,SELL,1.0,60819.5,30.40975,nautilus
1719618600000000000,2024-06-28T23:50:00+00:00,BTCUSDT-PERP.BINANCE,BUY,1.0,60426.0,30.213,nautilus
1719671100000000000,2024-06-29T14:25:00+00:00,BTCUSDT-PERP.BINANCE,SELL,1.0,61021.9,30.51095,nautilus
1719676500000000000,2024-06-29T15:55:00+00:00,BTCUSDT-PERP.BINANCE,BUY,1.0,61107.9,30.55395,nautilus
1719678000000000000,2024-06-29T16:20:00+00:00,BTCUSDT-PERP.BINANCE,SELL,1.0,60965.6,30.4828,nautilus
1719684000000000000,2024-06-29T18:00:00+00:00,BTCUSDT-PERP.BINANCE,BUY,1.0,61016.9,30.50845,nautilus
1719686700000000000,2024-06-29T18:45:00+00:00,BTCUSDT-PERP.BINANCE,SELL,1.0,60995.9,30.49795,nautilus
1719687900000000000,2024-06-29T19:05:00+00:00,BTCUSDT-PERP.BINANCE,BUY,1.0,61042.6,30.5213,nautilus
1719693900000000000,2024-06-29T20:45:00+00:00,BTCUSDT-PERP.BINANCE,SELL,1.0,60993.8,30.4969,nautilus
1719696600000000000,2024-06-29T21:30:00+00:00,BTCUSDT-PERP.BINANCE,BUY,1.0,61076.1,30.53805,nautilus
1719700200000000000,2024-06-29T22:30:00+00:00,BTCUSDT-PERP.BINANCE,SELL,1.0,60941.5,30.47075,nautilus
1719703200000000000,2024-06-29T23:20:00+00:00,BTCUSDT-PERP.BINANCE,BUY,1.0,61008.5,30.50425,nautilus
1719704700000000000,2024-06-29T23:45:00+00:00,BTCUSDT-PERP.BINANCE,SELL,1.0,60962.8,30.4814,nautilus
1719707700000000000,2024-06-30T00:35:00+00:00,BTCUSDT-PERP.BINANCE,BUY,1.0,61060.3,30.53015,nautilus
1719710100000000000,2024-06-30T01:15:00+00:00,BTCUSDT-PERP.BINANCE,SELL,1.0,60959.2,30.4796,nautilus
1719728100000000000,2024-06-30T06:15:00+00:00,BTCUSDT-PERP.BINANCE,BUY,1.0,60852.2,30.4261,nautilus
1719808800000000000,2024-07-01T04:40:00+00:00,BTCUSDT-PERP.BINANCE,SELL,1.0,63211.6,31.6058,nautilus
1719811500000000000,2024-07-01T05:25:00+00:00,BTCUSDT-PERP.BINANCE,BUY,1.0,63379.7,31.68985,nautilus
1719818700000000000,2024-07-01T07:25:00+00:00,BTCUSDT-PERP.BINANCE,SELL,1.0,63291.0,31.6455,nautilus
1719837600000000000,2024-07-01T12:40:00+00:00,BTCUSDT-PERP.BINANCE,BUY,1.0,62840.3,31.42015,nautilus
1719841200000000000,2024-07-01T13:40:00+00:00,BTCUSDT-PERP.BINANCE,SELL,1.0,62700.0,31.35,nautilus
1719846600000000000,2024-07-01T15:10:00+00:00,BTCUSDT-PERP.BINANCE,BUY,1.0,63013.3,31.50665,nautilus
1719862800000000000,2024-07-01T19:40:00+00:00,BTCUSDT-PERP.BINANCE,SELL,1.0,63200.1,31.60005,nautilus
1719885900000000000,2024-07-02T02:05:00+00:00,BTCUSDT-PERP.BINANCE,BUY,1.0,62968.9,31.48445,nautilus
1719913500000000000,2024-07-02T09:45:00+00:00,BTCUSDT-PERP.BINANCE,SELL,1.0,62673.3,31.33665,nautilus
1719917100000000000,2024-07-02T10:45:00+00:00,BTCUSDT-PERP.BINANCE,BUY,1.0,62750.1,31.37505,nautilus
1719929400000000000,2024-07-02T14:10:00+00:00,BTCUSDT-PERP.BINANCE,SELL,1.0,62370.1,31.18505,nautilus
1719943200000000000,2024-07-02T18:00:00+00:00,BTCUSDT-PERP.BINANCE,BUY,1.0,62190.7,31.09535,nautilus
1719948300000000000,2024-07-02T19:25:00+00:00,BTCUSDT-PERP.BINANCE,SELL,1.0,62004.6,31.0023,nautilus
1719961200000000000,2024-07-02T23:00:00+00:00,BTCUSDT-PERP.BINANCE,BUY,1.0,62097.5,31.04875,nautilus
1719968400000000000,2024-07-03T01:00:00+00:00,BTCUSDT-PERP.BINANCE,SELL,1.0,62000.1,31.00005,nautilus
1719986700000000000,2024-07-03T06:05:00+00:00,BTCUSDT-PERP.BINANCE,BUY,1.0,61139.9,30.56995,nautilus
1719989400000000000,2024-07-03T06:50:00+00:00,BTCUSDT-PERP.BINANCE,SELL,1.0,60993.7,30.49685,nautilus
1719995700000000000,2024-07-03T08:35:00+00:00,BTCUSDT-PERP.BINANCE,BUY,1.0,60846.8,30.4234,nautilus
1719996600000000000,2024-07-03T08:50:00+00:00,BTCUSDT-PERP.BINANCE,SELL,1.0,60661.1,30.33055,nautilus
1720013400000000000,2024-07-03T13:30:00+00:00,BTCUSDT-PERP.BINANCE,BUY,1.0,60337.7,30.16885,nautilus
1720018800000000000,2024-07-03T15:00:00+00:00,BTCUSDT-PERP.BINANCE,SELL,1.0,60061.5,30.03075,nautilus
1720023900000000000,2024-07-03T16:25:00+00:00,BTCUSDT-PERP.BINANCE,BUY,1.0,60605.4,30.3027,nautilus
1720032900000000000,2024-07-03T18:55:00+00:00,BTCUSDT-PERP.BINANCE,SELL,1.0,60246.7,30.12335,nautilus
1720043100000000000,2024-07-03T21:45:00+00:00,BTCUSDT-PERP.BINANCE,BUY,1.0,60125.8,30.0629,nautilus
1720055700000000000,2024-07-04T01:15:00+00:00,BTCUSDT-PERP.BINANCE,SELL,1.0,60126.1,30.06305,nautilus
1720091100000000000,2024-07-04T11:05:00+00:00,BTCUSDT-PERP.BINANCE,BUY,1.0,58031.2,29.0156,nautilus
1720094400000000000,2024-07-04T12:00:00+00:00,BTCUSDT-PERP.BINANCE,SELL,1.0,57658.0,28.829,nautilus
1720105800000000000,2024-07-04T15:10:00+00:00,BTCUSDT-PERP.BINANCE,BUY,1.0,57569.0,28.7845,nautilus
1720133700000000000,2024-07-04T22:55:00+00:00,BTCUSDT-PERP.BINANCE,SELL,1.0,58031.8,29.0159,nautilus
1720172400000000000,2024-07-05T09:40:00+00:00,BTCUSDT-PERP.BINANCE,BUY,1.0,54499.9,27.24995,nautilus
1720183500000000000,2024-07-05T12:45:00+00:00,BTCUSDT-PERP.BINANCE,SELL,1.0,55179.9,27.58995,nautilus
1720186500000000000,2024-07-05T13:35:00+00:00,BTCUSDT-PERP.BINANCE,BUY,1.0,55797.3,27.89865,nautilus
1720202700000000000,2024-07-05T18:05:00+00:00,BTCUSDT-PERP.BINANCE,SELL,1.0,56147.4,28.0737,nautilus
1720208700000000000,2024-07-05T19:45:00+00:00,BTCUSDT-PERP.BINANCE,BUY,1.0,56526.2,28.2631,nautilus
1720209300000000000,2024-07-05T19:55:00+00:00,BTCUSDT-PERP.BINANCE,SELL,1.0,56446.2,28.2231,nautilus
1720215300000000000,2024-07-05T21:35:00+00:00,BTCUSDT-PERP.BINANCE,BUY,1.0,56616.9,28.30845,nautilus
1720224600000000000,2024-07-06T00:10:00+00:00,BTCUSDT-PERP.BINANCE,SELL,1.0,56512.0,28.256,nautilus
1720226400000000000,2024-07-06T00:40:00+00:00,BTCUSDT-PERP.BINANCE,BUY,1.0,56836.6,28.4183,nautilus
1720228500000000000,2024-07-06T01:15:00+00:00,BTCUSDT-PERP.BINANCE,SELL,1.0,56385.4,28.1927,nautilus
1720234500000000000,2024-07-06T02:55:00+00:00,BTCUSDT-PERP.BINANCE,BUY,1.0,56412.2,28.2061,nautilus
1720236300000000000,2024-07-06T03:25:00+00:00,BTCUSDT-PERP.BINANCE,SELL,1.0,56313.5,28.15675,nautilus
1720242600000000000,2024-07-06T05:10:00+00:00,BTCUSDT-PERP.BINANCE,BUY,1.0,56293.5,28.14675,nautilus
1720257000000000000,2024-07-06T09:10:00+00:00,BTCUSDT-PERP.BINANCE,SELL,1.0,56478.7,28.23935,nautilus
1720259700000000000,2024-07-06T09:55:00+00:00,BTCUSDT-PERP.BINANCE,BUY,1.0,56739.0,28.3695,nautilus
1720269900000000000,2024-07-06T12:45:00+00:00,BTCUSDT-PERP.BINANCE,SELL,1.0,56561.2,28.2806,nautilus
1720272000000000000,2024-07-06T13:20:00+00:00,BTCUSDT-PERP.BINANCE,BUY,1.0,56777.5,28.38875,nautilus
1720313700000000000,2024-07-07T00:55:00+00:00,BTCUSDT-PERP.BINANCE,SELL,1.0,57910.1,28.95505,nautilus
1720317300000000000,2024-07-07T01:55:00+00:00,BTCUSDT-PERP.BINANCE,BUY,1.0,58099.5,29.04975,nautilus
1720322100000000000,2024-07-07T03:15:00+00:00,BTCUSDT-PERP.BINANCE,SELL,1.0,57912.5,28.95625,nautilus
1720343100000000000,2024-07-07T09:05:00+00:00,BTCUSDT-PERP.BINANCE,BUY,1.0,57590.0,28.795,nautilus
1720350000000000000,2024-07-07T11:00:00+00:00,BTCUSDT-PERP.BINANCE,SELL,1.0,57511.2,28.7556,nautilus
1720354500000000000,2024-07-07T12:15:00+00:00,BTCUSDT-PERP.BINANCE,BUY,1.0,57552.1,28.77605,nautilus
1720357500000000000,2024-07-07T13:05:00+00:00,BTCUSDT-PERP.BINANCE,SELL,1.0,57179.3,28.58965,nautilus
1720369500000000000,2024-07-07T16:25:00+00:00,BTCUSDT-PERP.BINANCE,BUY,1.0,56928.8,28.4644,nautilus
1720373400000000000,2024-07-07T17:30:00+00:00,BTCUSDT-PERP.BINANCE,SELL,1.0,56878.1,28.43905,nautilus
1720374900000000000,2024-07-07T17:55:00+00:00,BTCUSDT-PERP.BINANCE,BUY,1.0,57218.8,28.6094,nautilus
1720386900000000000,2024-07-07T21:15:00+00:00,BTCUSDT-PERP.BINANCE,SELL,1.0,56612.1,28.30605,nautilus
1720406100000000000,2024-07-08T02:35:00+00:00,BTCUSDT-PERP.BINANCE,BUY,1.0,55363.5,27.68175,nautilus
1720408800000000000,2024-07-08T03:20:00+00:00,BTCUSDT-PERP.BINANCE,SELL,1.0,54928.8,27.4644,nautilus
1720413300000000000,2024-07-08T04:35:00+00:00,BTCUSDT-PERP.BINANCE,BUY,1.0,55423.3,27.71165,nautilus
1720446000000000000,2024-07-08T13:40:00+00:00,BTCUSDT-PERP.BINANCE,SELL,1.0,56932.4,28.4662,nautilus
1720462800000000000,2024-07-08T18:20:00+00:00,BTCUSDT-PERP.BINANCE,BUY,1.0,56312.0,28.156,nautilus
1720466100000000000,2024-07-08T19:15:00+00:00,BTCUSDT-PERP.BINANCE,SELL,1.0,56266.9,28.13345,nautilus
1720467000000000000,2024-07-08T19:30:00+00:00,BTCUSDT-PERP.BINANCE,BUY,1.0,56249.7,28.12485,nautilus
1720467900000000000,2024-07-08T19:45:00+00:00,BTCUSDT-PERP.BINANCE,SELL,1.0,56300.0,28.15,nautilus
1720468500000000000,2024-07-08T19:55:00+00:00,BTCUSDT-PERP.BINANCE,BUY,1.0,56462.3,28.23115,nautilus
1720472100000000000,2024-07-08T20:55:00+00:00,BTCUSDT-PERP.BINANCE,SELL,1.0,56242.0,28.121,nautilus
1720473600000000000,2024-07-08T21:20:00+00:00,BTCUSDT-PERP.BINANCE,BUY,1.0,56328.0,28.164,nautilus
1720484700000000000,2024-07-09T00:25:00+00:00,BTCUSDT-PERP.BINANCE,SELL,1.0,56398.1,28.19905,nautilus
1720487700000000000,2024-07-09T01:15:00+00:00,BTCUSDT-PERP.BINANCE,BUY,1.0,56845.7,28.42285,nautilus
1720510500000000000,2024-07-09T07:35:00+00:00,BTCUSDT-PERP.BINANCE,SELL,1.0,57165.8,28.5829,nautilus
1720513200000000000,2024-07-09T08:20:00+00:00,BTCUSDT-PERP.BINANCE,BUY,1.0,57450.0,28.725,nautilus
1720521300000000000,2024-07-09T10:35:00+00:00,BTCUSDT-PERP.BINANCE,SELL,1.0,57347.5,28.67375,nautilus
1720524900000000000,2024-07-09T11:35:00+00:00,BTCUSDT-PERP.BINANCE,BUY,1.0,57464.5,28.73225,nautilus
1720527600000000000,2024-07-09T12:20:00+00:00,BTCUSDT-PERP.BINANCE,SELL,1.0,57353.0,28.6765,nautilus
1720534500000000000,2024-07-09T14:15:00+00:00,BTCUSDT-PERP.BINANCE,BUY,1.0,57606.9,28.80345,nautilus
1720537500000000000,2024-07-09T15:05:00+00:00,BTCUSDT-PERP.BINANCE,SELL,1.0,57159.9,28.57995,nautilus
1720541100000000000,2024-07-09T16:05:00+00:00,BTCUSDT-PERP.BINANCE,BUY,1.0,57528.4,28.7642,nautilus
1720570800000000000,2024-07-10T00:20:00+00:00,BTCUSDT-PERP.BINANCE,SELL,1.0,57580.1,28.79005,nautilus
1720575300000000000,2024-07-10T01:35:00+00:00,BTCUSDT-PERP.BINANCE,BUY,1.0,57808.7,28.90435,nautilus
1720598400000000000,2024-07-10T08:00:00+00:00,BTCUSDT-PERP.BINANCE,SELL,1.0,58761.9,29.38095,nautilus
1720608300000000000,2024-07-10T10:45:00+00:00,BTCUSDT-PERP.BINANCE,BUY,1.0,58601.1,29.30055,nautilus
1720611000000000000,2024-07-10T11:30:00+00:00,BTCUSDT-PERP.BINANCE,SELL,1.0,58426.4,29.2132,nautilus
1720649100000000000,2024-07-10T22:05:00+00:00,BTCUSDT-PERP.BINANCE,BUY,1.0,57560.0,28.78,nautilus
1720657800000000000,2024-07-11T00:30:00+00:00,BTCUSDT-PERP.BINANCE,SELL,1.0,57468.9,28.73445,nautilus
1720662000000000000,2024-07-11T01:40:00+00:00,BTCUSDT-PERP.BINANCE,BUY,1.0,58016.0,29.008,nautilus
1720668000000000000,2024-07-11T03:20:00+00:00,BTCUSDT-PERP.BINANCE,SELL,1.0,57333.1,28.66655,nautilus
1720674900000000000,2024-07-11T05:15:00+00:00,BTCUSDT-PERP.BINANCE,BUY,1.0,57867.2,28.9336,nautilus
1720707300000000000,2024-07-11T14:15:00+00:00,BTCUSDT-PERP.BINANCE,SELL,1.0,57786.7,28.89335,nautilus
1720735800000000000,2024-07-11T22:10:00+00:00,BTCUSDT-PERP.BINANCE,BUY,1.0,57319.6,28.6598,nautilus
1720738200000000000,2024-07-11T22:50:00+00:00,BTCUSDT-PERP.BINANCE,SELL,1.0,57259.6,28.6298,nautilus
1720744200000000000,2024-07-12T00:30:00+00:00,BTCUSDT-PERP.BINANCE,BUY,1.0,57455.0,28.7275,nautilus
1720746600000000000,2024-07-12T01:10:00+00:00,BTCUSDT-PERP.BINANCE,SELL,1.0,57010.3,28.50515,nautilus
1720762200000000000,2024-07-12T05:30:00+00:00,BTCUSDT-PERP.BINANCE,BUY,1.0,57027.9,28.51395,nautilus
1720763400000000000,2024-07-12T05:50:00+00:00,BTCUSDT-PERP.BINANCE,SELL,1.0,56955.0,28.4775,nautilus
1720764600000000000,2024-07-12T06:10:00+00:00,BTCUSDT-PERP.BINANCE,BUY,1.0,57086.9,28.54345,nautilus
1720769700000000000,2024-07-12T07:35:00+00:00,BTCUSDT-PERP.BINANCE,SELL,1.0,56920.5,28.46025,nautilus
1720772100000000000,2024-07-12T08:15:00+00:00,BTCUSDT-PERP.BINANCE,BUY,1.0,57178.1,28.58905,nautilus
1720777500000000000,2024-07-12T09:45:00+00:00,BTCUSDT-PERP.BINANCE,SELL,1.0,56981.3,28.49065,nautilus
1720781700000000000,2024-07-12T10:55:00+00:00,BTCUSDT-PERP.BINANCE,BUY,1.0,57152.1,28.57605,nautilus
1720812300000000000,2024-07-12T19:25:00+00:00,BTCUSDT-PERP.BINANCE,SELL,1.0,57877.7,28.93885,nautilus
1720822800000000000,2024-07-12T22:20:00+00:00,BTCUSDT-PERP.BINANCE,BUY,1.0,57703.9,28.85195,nautilus
1720831800000000000,2024-07-13T00:50:00+00:00,BTCUSDT-PERP.BINANCE,SELL,1.0,57818.8,28.9094,nautilus
1720838700000000000,2024-07-13T02:45:00+00:00,BTCUSDT-PERP.BINANCE,BUY,1.0,57892.7,28.94635,nautilus
1720842000000000000,2024-07-13T03:40:00+00:00,BTCUSDT-PERP.BINANCE,SELL,1.0,57817.8,28.9089,nautilus
1720847400000000000,2024-07-13T05:10:00+00:00,BTCUSDT-PERP.BINANCE,BUY,1.0,57790.0,28.895,nautilus
1720860900000000000,2024-07-13T08:55:00+00:00,BTCUSDT-PERP.BINANCE,SELL,1.0,57929.9,28.96495,nautilus
1720862700000000000,2024-07-13T09:25:00+00:00,BTCUSDT-PERP.BINANCE,BUY,1.0,58178.9,29.08945,nautilus
1720889700000000000,2024-07-13T16:55:00+00:00,BTCUSDT-PERP.BINANCE,SELL,1.0,58593.9,29.29695,nautilus
1720893900000000000,2024-07-13T18:05:00+00:00,BTCUSDT-PERP.BINANCE,BUY,1.0,58775.4,29.3877,nautilus
1720895700000000000,2024-07-13T18:35:00+00:00,BTCUSDT-PERP.BINANCE,SELL,1.0,58568.7,29.28435,nautilus
1720898100000000000,2024-07-13T19:15:00+00:00,BTCUSDT-PERP.BINANCE,BUY,1.0,58630.1,29.31505,nautilus
1720900200000000000,2024-07-13T19:50:00+00:00,BTCUSDT-PERP.BINANCE,SELL,1.0,58623.9,29.31195,nautilus
1720904100000000000,2024-07-13T20:55:00+00:00,BTCUSDT-PERP.BINANCE,BUY,1.0,58570.9,29.28545,nautilus
1720909500000000000,2024-07-13T22:25:00+00:00,BTCUSDT-PERP.BINANCE,SELL,1.0,58375.1,29.18755,nautilus
1720911000000000000,2024-07-13T22:50:00+00:00,BTCUSDT-PERP.BINANCE,BUY,1.0,59197.3,29.59865,nautilus
1720953300000000000,2024-07-14T10:35:00+00:00,BTCUSDT-PERP.BINANCE,SELL,1.0,60007.4,30.0037,nautilus
1720958400000000000,2024-07-14T12:00:00+00:00,BTCUSDT-PERP.BINANCE,BUY,1.0,60072.5,30.03625,nautilus
1720959000000000000,2024-07-14T12:10:00+00:00,BTCUSDT-PERP.BINANCE,SELL,1.0,59855.9,29.92795,nautilus
1720968600000000000,2024-07-14T14:50:00+00:00,BTCUSDT-PERP.BINANCE,BUY,1.0,59916.4,29.9582,nautilus
1720987500000000000,2024-07-14T20:05:00+00:00,BTCUSDT-PERP.BINANCE,SELL,1.0,59872.6,29.9363,nautilus
1720988400000000000,2024-07-14T20:20:00+00:00,BTCUSDT-PERP.BINANCE,BUY,1.0,59965.9,29.98295,nautilus
1721034000000000000,2024-07-15T09:00:00+00:00,BTCUSDT-PERP.BINANCE,SELL,1.0,62654.5,31.32725,nautilus
1721046900000000000,2024-07-15T12:35:00+00:00,BTCUSDT-PERP.BINANCE,BUY,1.0,62679.5,31.33975,nautilus
1721074500000000000,2024-07-15T20:15:00+00:00,BTCUSDT-PERP.BINANCE,SELL,1.0,63434.3,31.71715,nautilus
1721075400000000000,2024-07-15T20:30:00+00:00,BTCUSDT-PERP.BINANCE,BUY,1.0,63651.9,31.82595,nautilus
1721135700000000000,2024-07-16T13:15:00+00:00,BTCUSDT-PERP.BINANCE,SELL,1.0,63630.1,31.81505,nautilus
1721136000000000000,2024-07-16T13:20:00+00:00,BTCUSDT-PERP.BINANCE,BUY,1.0,63720.0,31.86,nautilus
1721138400000000000,2024-07-16T14:00:00+00:00,BTCUSDT-PERP.BINANCE,SELL,1.0,63154.5,31.57725,nautilus
1721142900000000000,2024-07-16T15:15:00+00:00,BTCUSDT-PERP.BINANCE,BUY,1.0,64474.2,32.2371,nautilus
1721164200000000000,2024-07-16T21:10:00+00:00,BTCUSDT-PERP.BINANCE,SELL,1.0,64540.3,32.27015,nautilus
1721171700000000000,2024-07-16T23:15:00+00:00,BTCUSDT-PERP.BINANCE,BUY,1.0,65023.7,32.51185,nautilus
1721210700000000000,2024-07-17T10:05:00+00:00,BTCUSDT-PERP.BINANCE,SELL,1.0,65200.1,32.60005,nautilus
1721224200000000000,2024-07-17T13:50:00+00:00,BTCUSDT-PERP.BINANCE,BUY,1.0,65178.4,32.5892,nautilus
1721231700000000000,2024-07-17T15:55:00+00:00,BTCUSDT-PERP.BINANCE,SELL,1.0,64695.8,32.3479,nautilus
1721244300000000000,2024-07-17T19:25:00+00:00,BTCUSDT-PERP.BINANCE,BUY,1.0,64674.0,32.337,nautilus
1721250000000000000,2024-07-17T21:00:00+00:00,BTCUSDT-PERP.BINANCE,SELL,1.0,64067.7,32.03385,nautilus
1721263200000000000,2024-07-18T00:40:00+00:00,BTCUSDT-PERP.BINANCE,BUY,1.0,64370.1,32.18505,nautilus
1721278200000000000,2024-07-18T04:50:00+00:00,BTCUSDT-PERP.BINANCE,SELL,1.0,64544.0,32.272,nautilus
1721281800000000000,2024-07-18T05:50:00+00:00,BTCUSDT-PERP.BINANCE,BUY,1.0,64785.1,32.39255,nautilus
1721288100000000000,2024-07-18T07:35:00+00:00,BTCUSDT-PERP.BINANCE,SELL,1.0,64700.0,32.35,nautilus
1721292900000000000,2024-07-18T08:55:00+00:00,BTCUSDT-PERP.BINANCE,BUY,1.0,64911.7,32.45585,nautilus
1721297400000000000,2024-07-18T10:10:00+00:00,BTCUSDT-PERP.BINANCE,SELL,1.0,64637.9,32.31895,nautilus
1721303100000000000,2024-07-18T11:45:00+00:00,BTCUSDT-PERP.BINANCE,BUY,1.0,64699.1,32.34955,nautilus
1721309700000000000,2024-07-18T13:35:00+00:00,BTCUSDT-PERP.BINANCE,SELL,1.0,64749.9,32.37495,nautilus
1721332500000000000,2024-07-18T19:55:00+00:00,BTCUSDT-PERP.BINANCE,BUY,1.0,63535.6,31.7678,nautilus
1721347800000000000,2024-07-19T00:10:00+00:00,BTCUSDT-PERP.BINANCE,SELL,1.0,63759.6,31.8798,nautilus
1721354100000000000,2024-07-19T01:55:00+00:00,BTCUSDT-PERP.BINANCE,BUY,1.0,63791.1,31.89555,nautilus
1721373000000000000,2024-07-19T07:10:00+00:00,BTCUSDT-PERP.BINANCE,SELL,1.0,63915.2,31.9576,nautilus
1721379900000000000,2024-07-19T09:05:00+00:00,BTCUSDT-PERP.BINANCE,BUY,1.0,64059.2,32.0296,nautilus
1721429400000000000,2024-07-19T22:50:00+00:00,BTCUSDT-PERP.BINANCE,SELL,1.0,66630.2,33.3151,nautilus
1721445300000000000,2024-07-20T03:15:00+00:00,BTCUSDT-PERP.BINANCE,BUY,1.0,66615.1,33.30755,nautilus
1721447400000000000,2024-07-20T03:50:00+00:00,BTCUSDT-PERP.BINANCE,SELL,1.0,66633.0,33.3165,nautilus
1721456700000000000,2024-07-20T06:25:00+00:00,BTCUSDT-PERP.BINANCE,BUY,1.0,66550.0,33.275,nautilus
1721464500000000000,2024-07-20T08:35:00+00:00,BTCUSDT-PERP.BINANCE,SELL,1.0,66510.0,33.255,nautilus
1721468100000000000,2024-07-20T09:35:00+00:00,BTCUSDT-PERP.BINANCE,BUY,1.0,66680.5,33.34025,nautilus
1721472000000000000,2024-07-20T10:40:00+00:00,BTCUSDT-PERP.BINANCE,SELL,1.0,66456.4,33.2282,nautilus
1721478000000000000,2024-07-20T12:20:00+00:00,BTCUSDT-PERP.BINANCE,BUY,1.0,66478.9,33.23945,nautilus
1721480100000000000,2024-07-20T12:55:00+00:00,BTCUSDT-PERP.BINANCE,SELL,1.0,66444.5,33.22225,nautilus
1721484300000000000,2024-07-20T14:05:00+00:00,BTCUSDT-PERP.BINANCE,BUY,1.0,66534.4,33.2672,nautilus
1721509800000000000,2024-07-20T21:10:00+00:00,BTCUSDT-PERP.BINANCE,SELL,1.0,67050.0,33.525,nautilus
1721525700000000000,2024-07-21T01:35:00+00:00,BTCUSDT-PERP.BINANCE,BUY,1.0,67177.5,33.58875,nautilus
1721533500000000000,2024-07-21T03:45:00+00:00,BTCUSDT-PERP.BINANCE,SELL,1.0,67177.0,33.5885,nautilus
1721553300000000000,2024-07-21T09:15:00+00:00,BTCUSDT-PERP.BINANCE,BUY,1.0,66880.1,33.44005,nautilus
1721559300000000000,2024-07-21T10:55:00+00:00,BTCUSDT-PERP.BINANCE,SELL,1.0,66767.3,33.38365,nautilus
1721563500000000000,2024-07-21T12:05:00+00:00,BTCUSDT-PERP.BINANCE,BUY,1.0,66929.3,33.46465,nautilus
1721568900000000000,2024-07-21T13:35:00+00:00,BTCUSDT-PERP.BINANCE,SELL,1.0,66596.3,33.29815,nautilus
1721571600000000000,2024-07-21T14:20:00+00:00,BTCUSDT-PERP.BINANCE,BUY,1.0,67090.2,33.5451,nautilus
1721584800000000000,2024-07-21T18:00:00+00:00,BTCUSDT-PERP.BINANCE,SELL,1.0,66420.6,33.2103,nautilus
1721590500000000000,2024-07-21T19:35:00+00:00,BTCUSDT-PERP.BINANCE,BUY,1.0,67267.1,33.63355,nautilus
1721611800000000000,2024-07-22T01:30:00+00:00,BTCUSDT-PERP.BINANCE,SELL,1.0,67798.1,33.89905,nautilus
1721615400000000000,2024-07-22T02:30:00+00:00,BTCUSDT-PERP.BINANCE,BUY,1.0,68144.0,34.072,nautilus
1721618400000000000,2024-07-22T03:20:00+00:00,BTCUSDT-PERP.BINANCE,SELL,1.0,67935.2,33.9676,nautilus
1721642400000000000,2024-07-22T10:00:00+00:00,BTCUSDT-PERP.BINANCE,BUY,1.0,67412.0,33.706,nautilus
1721655900000000000,2024-07-22T13:45:00+00:00,BTCUSDT-PERP.BINANCE,SELL,1.0,67240.3,33.62015,nautilus
1721667000000000000,2024-07-22T16:50:00+00:00,BTCUSDT-PERP.BINANCE,BUY,1.0,67132.6,33.5663,nautilus
1721696100000000000,2024-07-23T00:55:00+00:00,BTCUSDT-PERP.BINANCE,SELL,1.0,67458.1,33.72905,nautilus
1721702100000000000,2024-07-23T02:35:00+00:00,BTCUSDT-PERP.BINANCE,BUY,1.0,67561.9,33.78095,nautilus
1721708400000000000,2024-07-23T04:20:00+00:00,BTCUSDT-PERP.BINANCE,SELL,1.0,67352.2,33.6761,nautilus
1721723400000000000,2024-07-23T08:30:00+00:00,BTCUSDT-PERP.BINANCE,BUY,1.0,66881.5,33.44075,nautilus
1721733600000000000,2024-07-23T11:20:00+00:00,BTCUSDT-PERP.BINANCE,SELL,1.0,66452.0,33.226,nautilus
1721741700000000000,2024-07-23T13:35:00+00:00,BTCUSDT-PERP.BINANCE,BUY,1.0,66538.3,33.26915,nautilus
1721742600000000000,2024-07-23T13:50:00+00:00,BTCUSDT-PERP.BINANCE,SELL,1.0,66008.9,33.00445,nautilus
1721744700000000000,2024-07-23T14:25:00+00:00,BTCUSDT-PERP.BINANCE,BUY,1.0,66790.9,33.39545,nautilus
1721781600000000000,2024-07-24T00:40:00+00:00,BTCUSDT-PERP.BINANCE,SELL,1.0,65778.1,32.88905,nautilus
1721784300000000000,2024-07-24T01:25:00+00:00,BTCUSDT-PERP.BINANCE,BUY,1.0,65992.7,32.99635,nautilus
1721786400000000000,2024-07-24T02:00:00+00:00,BTCUSDT-PERP.BINANCE,SELL,1.0,65522.4,32.7612,nautilus
1721790600000000000,2024-07-24T03:10:00+00:00,BTCUSDT-PERP.BINANCE,BUY,1.0,65927.9,32.96395,nautilus
1721796300000000000,2024-07-24T04:45:00+00:00,BTCUSDT-PERP.BINANCE,SELL,1.0,65831.0,32.9155,nautilus
1721802000000000000,2024-07-24T06:20:00+00:00,BTCUSDT-PERP.BINANCE,BUY,1.0,65903.9,32.95195,nautilus
1721825100000000000,2024-07-24T12:45:00+00:00,BTCUSDT-PERP.BINANCE,SELL,1.0,66246.6,33.1233,nautilus
1721827500000000000,2024-07-24T13:25:00+00:00,BTCUSDT-PERP.BINANCE,BUY,1.0,66652.6,33.3263,nautilus
1721835900000000000,2024-07-24T15:45:00+00:00,BTCUSDT-PERP.BINANCE,SELL,1.0,66157.0,33.0785,nautilus
1721842200000000000,2024-07-24T17:30:00+00:00,BTCUSDT-PERP.BINANCE,BUY,1.0,66558.7,33.27935,nautilus
1721845800000000000,2024-07-24T18:30:00+00:00,BTCUSDT-PERP.BINANCE,SELL,1.0,66130.0,33.065,nautilus
1721867100000000000,2024-07-25T00:25:00+00:00,BTCUSDT-PERP.BINANCE,BUY,1.0,65516.0,32.758,nautilus
1721893500000000000,2024-07-25T07:45:00+00:00,BTCUSDT-PERP.BINANCE,SELL,1.0,64191.2,32.0956,nautilus
1721897700000000000,2024-07-25T08:55:00+00:00,BTCUSDT-PERP.BINANCE,BUY,1.0,64335.6,32.1678,nautilus
1721902500000000000,2024-07-25T10:15:00+00:00,BTCUSDT-PERP.BINANCE,SELL,1.0,64028.1,32.01405,nautilus
1721906100000000000,2024-07-25T11:15:00+00:00,BTCUSDT-PERP.BINANCE,BUY,1.0,64222.7,32.11135,nautilus
1721911200000000000,2024-07-25T12:40:00+00:00,BTCUSDT-PERP.BINANCE,SELL,1.0,63950.1,31.97505,nautilus
1721915100000000000,2024-07-25T13:45:00+00:00,BTCUSDT-PERP.BINANCE,BUY,1.0,64008.0,32.004,nautilus
1721915700000000000,2024-07-25T13:55:00+00:00,BTCUSDT-PERP.BINANCE,SELL,1.0,64034.0,32.017,nautilus
1721918400000000000,2024-07-25T14:40:00+00:00,BTCUSDT-PERP.BINANCE,BUY,1.0,64719.9,32.35995,nautilus
1721933100000000000,2024-07-25T18:45:00+00:00,BTCUSDT-PERP.BINANCE,SELL,1.0,64600.0,32.3,nautilus
1721940300000000000,2024-07-25T20:45:00+00:00,BTCUSDT-PERP.BINANCE,BUY,1.0,64943.2,32.4716,nautilus
1721980500000000000,2024-07-26T07:55:00+00:00,BTCUSDT-PERP.BINANCE,SELL,1.0,66873.8,33.4369,nautilus
1721982600000000000,2024-07-26T08:30:00+00:00,BTCUSDT-PERP.BINANCE,BUY,1.0,67026.0,33.513,nautilus
1721993700000000000,2024-07-26T11:35:00+00:00,BTCUSDT-PERP.BINANCE,SELL,1.0,67219.0,33.6095,nautilus
1721994900000000000,2024-07-26T11:55:00+00:00,BTCUSDT-PERP.BINANCE,BUY,1.0,67293.9,33.64695,nautilus
1721997300000000000,2024-07-26T12:35:00+00:00,BTCUSDT-PERP.BINANCE,SELL,1.0,67162.8,33.5814,nautilus
1722000600000000000,2024-07-26T13:30:00+00:00,BTCUSDT-PERP.BINANCE,BUY,1.0,67324.9,33.66245,nautilus
1722013200000000000,2024-07-26T17:00:00+00:00,BTCUSDT-PERP.BINANCE,SELL,1.0,67403.5,33.70175,nautilus
1722017700000000000,2024-07-26T18:15:00+00:00,BTCUSDT-PERP.BINANCE,BUY,1.0,67548.1,33.77405,nautilus
1722042300000000000,2024-07-27T01:05:00+00:00,BTCUSDT-PERP.BINANCE,SELL,1.0,67716.4,33.8582,nautilus
1722047700000000000,2024-07-27T02:35:00+00:00,BTCUSDT-PERP.BINANCE,BUY,1.0,67844.9,33.92245,nautilus
1722078900000000000,2024-07-27T11:15:00+00:00,BTCUSDT-PERP.BINANCE,SELL,1.0,68020.6,34.0103,nautilus
1722081000000000000,2024-07-27T11:50:00+00:00,BTCUSDT-PERP.BINANCE,BUY,1.0,68156.7,34.07835,nautilus
1722094500000000000,2024-07-27T15:35:00+00:00,BTCUSDT-PERP.BINANCE,SELL,1.0,68746.6,34.3733,nautilus
1722096600000000000,2024-07-27T16:10:00+00:00,BTCUSDT-PERP.BINANCE,BUY,1.0,68684.2,34.3421,nautilus
1722098400000000000,2024-07-27T16:40:00+00:00,BTCUSDT-PERP.BINANCE,SELL,1.0,68819.8,34.4099,nautilus
1722104700000000000,2024-07-27T18:25:00+00:00,BTCUSDT-PERP.BINANCE,BUY,1.0,68899.1,34.44955,nautilus
1722106800000000000,2024-07-27T19:00:00+00:00,BTCUSDT-PERP.BINANCE,SELL,1.0,68294.1,34.14705,nautilus
1722114900000000000,2024-07-27T21:15:00+00:00,BTCUSDT-PERP.BINANCE,BUY,1.0,68336.1,34.16805,nautilus
1722132300000000000,2024-07-28T02:05:00+00:00,BTCUSDT-PERP.BINANCE,SELL,1.0,68031.4,34.0157,nautilus
1722154500000000000,2024-07-28T08:15:00+00:00,BTCUSDT-PERP.BINANCE,BUY,1.0,67462.5,33.73125,nautilus
1722154800000000000,2024-07-28T08:20:00+00:00,BTCUSDT-PERP.BINANCE,SELL,1.0,67407.7,33.70385,nautilus
1722159300000000000,2024-07-28T09:35:00+00:00,BTCUSDT-PERP.BINANCE,BUY,1.0,67500.0,33.75,nautilus
1722176400000000000,2024-07-28T14:20:00+00:00,BTCUSDT-PERP.BINANCE,SELL,1.0,67721.3,33.86065,nautilus
1722186300000000000,2024-07-28T17:05:00+00:00,BTCUSDT-PERP.BINANCE,BUY,1.0,67748.4,33.8742,nautilus
1722198900000000000,2024-07-28T20:35:00+00:00,BTCUSDT-PERP.BINANCE,SELL,1.0,68020.8,34.0104,nautilus
1722205800000000000,2024-07-28T22:30:00+00:00,BTCUSDT-PERP.BINANCE,BUY,1.0,68082.8,34.0414,nautilus
1722237300000000000,2024-07-29T07:15:00+00:00,BTCUSDT-PERP.BINANCE,SELL,1.0,69515.9,34.75795,nautilus
1722240900000000000,2024-07-29T08:15:00+00:00,BTCUSDT-PERP.BINANCE,BUY,1.0,69575.0,34.7875,nautilus
1722260400000000000,2024-07-29T13:40:00+00:00,BTCUSDT-PERP.BINANCE,SELL,1.0,69331.1,34.66555,nautilus
1722281100000000000,2024-07-29T19:25:00+00:00,BTCUSDT-PERP.BINANCE,BUY,1.0,67475.2,33.7376,nautilus
1722282600000000000,2024-07-29T19:50:00+00:00,BTCUSDT-PERP.BINANCE,SELL,1.0,67297.8,33.6489,nautilus
1722290400000000000,2024-07-29T22:00:00+00:00,BTCUSDT-PERP.BINANCE,BUY,1.0,67402.4,33.7012,nautilus
1722293100000000000,2024-07-29T22:45:00+00:00,BTCUSDT-PERP.BINANCE,SELL,1.0,67189.1,33.59455,nautilus
1722313200000000000,2024-07-30T04:20:00+00:00,BTCUSDT-PERP.BINANCE,BUY,1.0,66676.8,33.3384,nautilus
1722317100000000000,2024-07-30T05:25:00+00:00,BTCUSDT-PERP.BINANCE,SELL,1.0,66445.8,33.2229,nautilus
1722322200000000000,2024-07-30T06:50:00+00:00,BTCUSDT-PERP.BINANCE,BUY,1.0,66687.3,33.34365,nautilus
1722329700000000000,2024-07-30T08:55:00+00:00,BTCUSDT-PERP.BINANCE,SELL,1.0,66740.0,33.37,nautilus
1722343800000000000,2024-07-30T12:50:00+00:00,BTCUSDT-PERP.BINANCE,BUY,1.0,66707.4,33.3537,nautilus
1722346800000000000,2024-07-30T13:40:00+00:00,BTCUSDT-PERP.BINANCE,SELL,1.0,66471.8,33.2359,nautilus
1722357900000000000,2024-07-30T16:45:00+00:00,BTCUSDT-PERP.BINANCE,BUY,1.0,66456.1,33.22805,nautilus
1722359100000000000,2024-07-30T17:05:00+00:00,BTCUSDT-PERP.BINANCE,SELL,1.0,66004.1,33.00205,nautilus
1722372600000000000,2024-07-30T20:50:00+00:00,BTCUSDT-PERP.BINANCE,BUY,1.0,66074.6,33.0373,nautilus
1722384300000000000,2024-07-31T00:05:00+00:00,BTCUSDT-PERP.BINANCE,SELL,1.0,66049.8,33.0249,nautilus
1722387300000000000,2024-07-31T00:55:00+00:00,BTCUSDT-PERP.BINANCE,BUY,1.0,66313.9,33.15695,nautilus
1722393300000000000,2024-07-31T02:35:00+00:00,BTCUSDT-PERP.BINANCE,SELL,1.0,66091.2,33.0456,nautilus
1722405000000000000,2024-07-31T05:50:00+00:00,BTCUSDT-PERP.BINANCE,BUY,1.0,66095.9,33.04795,nautilus
1722420000000000000,2024-07-31T10:00:00+00:00,BTCUSDT-PERP.BINANCE,SELL,1.0,66154.4,33.0772,nautilus
1722428400000000000,2024-07-31T12:20:00+00:00,BTCUSDT-PERP.BINANCE,BUY,1.0,66038.4,33.0192,nautilus
1722445200000000000,2024-07-31T17:00:00+00:00,BTCUSDT-PERP.BINANCE,SELL,1.0,66392.8,33.1964,nautilus
1722446700000000000,2024-07-31T17:25:00+00:00,BTCUSDT-PERP.BINANCE,BUY,1.0,66508.8,33.2544,nautilus
1722450000000000000,2024-07-31T18:20:00+00:00,BTCUSDT-PERP.BINANCE,SELL,1.0,66140.2,33.0701,nautilus
1722489600000000000,2024-08-01T05:20:00+00:00,BTCUSDT-PERP.BINANCE,BUY,1.0,64001.0,32.0005,nautilus
1722506700000000000,2024-08-01T10:05:00+00:00,BTCUSDT-PERP.BINANCE,SELL,1.0,64382.0,32.191,nautilus
1722510000000000000,2024-08-01T11:00:00+00:00,BTCUSDT-PERP.BINANCE,BUY,1.0,64588.2,32.2941,nautilus
1722518700000000000,2024-08-01T13:25:00+00:00,BTCUSDT-PERP.BINANCE,SELL,1.0,64574.5,32.28725,nautilus
1722520800000000000,2024-08-01T14:00:00+00:00,BTCUSDT-PERP.BINANCE,BUY,1.0,64631.8,32.3159,nautilus
1722521700000000000,2024-08-01T14:15:00+00:00,BTCUSDT-PERP.BINANCE,SELL,1.0,64379.7,32.18985,nautilus
1722535500000000000,2024-08-01T18:05:00+00:00,BTCUSDT-PERP.BINANCE,BUY,1.0,63000.0,31.5,nautilus
1722559800000000000,2024-08-02T00:50:00+00:00,BTCUSDT-PERP.BINANCE,SELL,1.0,65013.8,32.5069,nautilus
1722581400000000000,2024-08-02T06:50:00+00:00,BTCUSDT-PERP.BINANCE,BUY,1.0,64620.3,32.31015,nautilus
1722585900000000000,2024-08-02T08:05:00+00:00,BTCUSDT-PERP.BINANCE,SELL,1.0,64263.3,32.13165,nautilus
1722588000000000000,2024-08-02T08:40:00+00:00,BTCUSDT-PERP.BINANCE,BUY,1.0,64431.0,32.2155,nautilus
1722601500000000000,2024-08-02T12:25:00+00:00,BTCUSDT-PERP.BINANCE,SELL,1.0,64491.7,32.24585,nautilus
1722605700000000000,2024-08-02T13:35:00+00:00,BTCUSDT-PERP.BINANCE,BUY,1.0,65241.1,32.62055,nautilus
1722609300000000000,2024-08-02T14:35:00+00:00,BTCUSDT-PERP.BINANCE,SELL,1.0,64274.0,32.137,nautilus
1722630000000000000,2024-08-02T20:20:00+00:00,BTCUSDT-PERP.BINANCE,BUY,1.0,62751.3,31.37565,nautilus
1722630600000000000,2024-08-02T20:30:00+00:00,BTCUSDT-PERP.BINANCE,SELL,1.0,62370.0,31.185,nautilus
1722655200000000000,2024-08-03T03:20:00+00:00,BTCUSDT-PERP.BINANCE,BUY,1.0,61657.1,30.82855,nautilus
1722672000000000000,2024-08-03T08:00:00+00:00,BTCUSDT-PERP.BINANCE,SELL,1.0,61567.5,30.78375,nautilus
1722678300000000000,2024-08-03T09:45:00+00:00,BTCUSDT-PERP.BINANCE,BUY,1.0,61620.7,30.81035,nautilus
1722691500000000000,2024-08-03T13:25:00+00:00,BTCUSDT-PERP.BINANCE,SELL,1.0,61864.5,30.93225,nautilus
1722692100000000000,2024-08-03T13:35:00+00:00,BTCUSDT-PERP.BINANCE,BUY,1.0,61843.2,30.9216,nautilus
1722698400000000000,2024-08-03T15:20:00+00:00,BTCUSDT-PERP.BINANCE,SELL,1.0,61698.1,30.84905,nautilus
1722714900000000000,2024-08-03T19:55:00+00:00,BTCUSDT-PERP.BINANCE,BUY,1.0,60216.7,30.10835,nautilus
1722719100000000000,2024-08-03T21:05:00+00:00,BTCUSDT-PERP.BINANCE,SELL,1.0,59949.6,29.9748,nautilus
1722721800000000000,2024-08-03T21:50:00+00:00,BTCUSDT-PERP.BINANCE,BUY,1.0,60632.8,30.3164,nautilus
1722726300000000000,2024-08-03T23:05:00+00:00,BTCUSDT-PERP.BINANCE,SELL,1.0,60510.1,30.25505,nautilus
1722727800000000000,2024-08-03T23:30:00+00:00,BTCUSDT-PERP.BINANCE,BUY,1.0,60652.3,30.32615,nautilus
1722733500000000000,2024-08-04T01:05:00+00:00,BTCUSDT-PERP.BINANCE,SELL,1.0,60524.9,30.26245,nautilus
1722737100000000000,2024-08-04T02:05:00+00:00,BTCUSDT-PERP.BINANCE,BUY,1.0,60919.3,30.45965,nautilus
1722746700000000000,2024-08-04T04:45:00+00:00,BTCUSDT-PERP.BINANCE,SELL,1.0,60583.5,30.29175,nautilus
1722750000000000000,2024-08-04T05:40:00+00:00,BTCUSDT-PERP.BINANCE,BUY,1.0,60822.4,30.4112,nautilus
1722756600000000000,2024-08-04T07:30:00+00:00,BTCUSDT-PERP.BINANCE,SELL,1.0,60439.8,30.2199,nautilus
1722764100000000000,2024-08-04T09:35:00+00:00,BTCUSDT-PERP.BINANCE,BUY,1.0,60674.0,30.337,nautilus
1722766200000000000,2024-08-04T10:10:00+00:00,BTCUSDT-PERP.BINANCE,SELL,1.0,60507.5,30.25375,nautilus
1722768900000000000,2024-08-04T10:55:00+00:00,BTCUSDT-PERP.BINANCE,BUY,1.0,60788.1,30.39405,nautilus
1722780300000000000,2024-08-04T14:05:00+00:00,BTCUSDT-PERP.BINANCE,SELL,1.0,60747.3,30.37365,nautilus
1722798900000000000,2024-08-04T19:15:00+00:00,BTCUSDT-PERP.BINANCE,BUY,1.0,59088.8,29.5444,nautilus
1722804600000000000,2024-08-04T20:50:00+00:00,BTCUSDT-PERP.BINANCE,SELL,1.0,58995.3,29.49765,nautilus
1722810000000000000,2024-08-04T22:20:00+00:00,BTCUSDT-PERP.BINANCE,BUY,1.0,58686.0,29.343,nautilus
1722813000000000000,2024-08-04T23:10:00+00:00,BTCUSDT-PERP.BINANCE,SELL,1.0,58430.1,29.21505,nautilus
1722864900000000000,2024-08-05T13:35:00+00:00,BTCUSDT-PERP.BINANCE,BUY,1.0,51763.9,25.88195,nautilus
1722882000000000000,2024-08-05T18:20:00+00:00,BTCUSDT-PERP.BINANCE,SELL,1.0,53676.6,26.8383,nautilus
1722888600000000000,2024-08-05T20:10:00+00:00,BTCUSDT-PERP.BINANCE,BUY,1.0,53751.9,26.87595,nautilus
1722901500000000000,2024-08-05T23:45:00+00:00,BTCUSDT-PERP.BINANCE,SELL,1.0,54006.9,27.00345,nautilus
1722903300000000000,2024-08-06T00:15:00+00:00,BTCUSDT-PERP.BINANCE,BUY,1.0,55378.9,27.68945,nautilus
1722932400000000000,2024-08-06T08:20:00+00:00,BTCUSDT-PERP.BINANCE,SELL,1.0,55470.8,27.7354,nautilus
1722944400000000000,2024-08-06T11:40:00+00:00,BTCUSDT-PERP.BINANCE,BUY,1.0,55263.6,27.6318,nautilus
1722948300000000000,2024-08-06T12:45:00+00:00,BTCUSDT-PERP.BINANCE,SELL,1.0,54827.8,27.4139,nautilus
1722951300000000000,2024-08-06T13:35:00+00:00,BTCUSDT-PERP.BINANCE,BUY,1.0,55150.0,27.575,nautilus
1722971700000000000,2024-08-06T19:15:00+00:00,BTCUSDT-PERP.BINANCE,SELL,1.0,56468.3,28.23415,nautilus
1722982200000000000,2024-08-06T22:10:00+00:00,BTCUSDT-PERP.BINANCE,BUY,1.0,56704.1,28.35205,nautilus
1723009800000000000,2024-08-07T05:50:00+00:00,BTCUSDT-PERP.BINANCE,SELL,1.0,56750.1,28.37505,nautilus
1723017000000000000,2024-08-07T07:50:00+00:00,BTCUSDT-PERP.BINANCE,BUY,1.0,56925.6,28.4628,nautilus
1723028700000000000,2024-08-07T11:05:00+00:00,BTCUSDT-PERP.BINANCE,SELL,1.0,57204.3,28.60215,nautilus
1723034100000000000,2024-08-07T12:35:00+00:00,BTCUSDT-PERP.BINANCE,BUY,1.0,57073.7,28.53685,nautilus
1723039200000000000,2024-08-07T14:00:00+00:00,BTCUSDT-PERP.BINANCE,SELL,1.0,56641.0,28.3205,nautilus
1723062900000000000,2024-08-07T20:35:00+00:00,BTCUSDT-PERP.BINANCE,BUY,1.0,54985.4,27.4927,nautilus
1723068900000000000,2024-08-07T22:15:00+00:00,BTCUSDT-PERP.BINANCE,SELL,1.0,54724.4,27.3622,nautilus
1723079100000000000,2024-08-08T01:05:00+00:00,BTCUSDT-PERP.BINANCE,BUY,1.0,55393.3,27.69665,nautilus
1723092600000000000,2024-08-08T04:50:00+00:00,BTCUSDT-PERP.BINANCE,SELL,1.0,56770.7,28.38535,nautilus
1723098000000000000,2024-08-08T06:20:00+00:00,BTCUSDT-PERP.BINANCE,BUY,1.0,57106.1,28.55305,nautilus
1723118700000000000,2024-08-08T12:05:00+00:00,BTCUSDT-PERP.BINANCE,SELL,1.0,57217.7,28.60885,nautilus
1723120500000000000,2024-08-08T12:35:00+00:00,BTCUSDT-PERP.BINANCE,BUY,1.0,58152.5,29.07625,nautilus
1723125000000000000,2024-08-08T13:50:00+00:00,BTCUSDT-PERP.BINANCE,SELL,1.0,57054.2,28.5271,nautilus
1723127100000000000,2024-08-08T14:25:00+00:00,BTCUSDT-PERP.BINANCE,BUY,1.0,58152.6,29.0763,nautilus
1723147500000000000,2024-08-08T20:05:00+00:00,BTCUSDT-PERP.BINANCE,SELL,1.0,59354.2,29.6771,nautilus
1723152000000000000,2024-08-08T21:20:00+00:00,BTCUSDT-PERP.BINANCE,BUY,1.0,59587.2,29.7936,nautilus
1723190100000000000,2024-08-09T07:55:00+00:00,BTCUSDT-PERP.BINANCE,SELL,1.0,60844.0,30.422,nautilus
1723192800000000000,2024-08-09T08:40:00+00:00,BTCUSDT-PERP.BINANCE,BUY,1.0,60957.9,30.47895,nautilus
1723196100000000000,2024-08-09T09:35:00+00:00,BTCUSDT-PERP.BINANCE,SELL,1.0,60772.8,30.3864,nautilus
1723212300000000000,2024-08-09T14:05:00+00:00,BTCUSDT-PERP.BINANCE,BUY,1.0,60544.6,30.2723,nautilus
1723214100000000000,2024-08-09T14:35:00+00:00,BTCUSDT-PERP.BINANCE,SELL,1.0,59693.5,29.84675,nautilus
1723222500000000000,2024-08-09T16:55:00+00:00,BTCUSDT-PERP.BINANCE,BUY,1.0,60406.6,30.2033,nautilus
1723227000000000000,2024-08-09T18:10:00+00:00,BTCUSDT-PERP.BINANCE,SELL,1.0,60054.0,30.027,nautilus
1723231200000000000,2024-08-09T19:20:00+00:00,BTCUSDT-PERP.BINANCE,BUY,1.0,60463.6,30.2318,nautilus
1723238100000000000,2024-08-09T21:15:00+00:00,BTCUSDT-PERP.BINANCE,SELL,1.0,59980.0,29.99,nautilus
1723240800000000000,2024-08-09T22:00:00+00:00,BTCUSDT-PERP.BINANCE,BUY,1.0,60589.8,30.2949,nautilus
1723259400000000000,2024-08-10T03:10:00+00:00,BTCUSDT-PERP.BINANCE,SELL,1.0,60381.9,30.19095,nautilus
1723266900000000000,2024-08-10T05:15:00+00:00,BTCUSDT-PERP.BINANCE,BUY,1.0,60376.3,30.18815,nautilus
1723291500000000000,2024-08-10T12:05:00+00:00,BTCUSDT-PERP.BINANCE,SELL,1.0,60854.9,30.42745,nautilus
1723291800000000000,2024-08-10T12:10:00+00:00,BTCUSDT-PERP.BINANCE,BUY,1.0,60800.0,30.4,nautilus
1723293300000000000,2024-08-10T12:35:00+00:00,BTCUSDT-PERP.BINANCE,SELL,1.0,60746.2,30.3731,nautilus
1723304100000000000,2024-08-10T15:35:00+00:00,BTCUSDT-PERP.BINANCE,BUY,1.0,60684.2,30.3421,nautilus
1723305900000000000,2024-08-10T16:05:00+00:00,BTCUSDT-PERP.BINANCE,SELL,1.0,60501.2,30.2506,nautilus
1723312500000000000,2024-08-10T17:55:00+00:00,BTCUSDT-PERP.BINANCE,BUY,1.0,60739.0,30.3695,nautilus
1723328700000000000,2024-08-10T22:25:00+00:00,BTCUSDT-PERP.BINANCE,SELL,1.0,60898.4,30.4492,nautilus
1723335000000000000,2024-08-11T00:10:00+00:00,BTCUSDT-PERP.BINANCE,BUY,1.0,61164.8,30.5824,nautilus
1723370400000000000,2024-08-11T10:00:00+00:00,BTCUSDT-PERP.BINANCE,SELL,1.0,60936.1,30.46805,nautilus
1723384500000000000,2024-08-11T13:55:00+00:00,BTCUSDT-PERP.BINANCE,BUY,1.0,60425.0,30.2125,nautilus
1723388100000000000,2024-08-11T14:55:00+00:00,BTCUSDT-PERP.BINANCE,SELL,1.0,60312.9,30.15645,nautilus
1723398900000000000,2024-08-11T17:55:00+00:00,BTCUSDT-PERP.BINANCE,BUY,1.0,60237.8,30.1189,nautilus
1723403700000000000,2024-08-11T19:15:00+00:00,BTCUSDT-PERP.BINANCE,SELL,1.0,59874.6,29.9373,nautilus
1723422300000000000,2024-08-12T00:25:00+00:00,BTCUSDT-PERP.BINANCE,BUY,1.0,58626.7,29.31335,nautilus
1723422600000000000,2024-08-12T00:30:00+00:00,BTCUSDT-PERP.BINANCE,SELL,1.0,58401.7,29.20085,nautilus
1723431900000000000,2024-08-12T03:05:00+00:00,BTCUSDT-PERP.BINANCE,BUY,1.0,58566.2,29.2831,nautilus
1723443300000000000,2024-08-12T06:15:00+00:00,BTCUSDT-PERP.BINANCE,SELL,1.0,58380.3,29.19015,nautilus
1723448400000000000,2024-08-12T07:40:00+00:00,BTCUSDT-PERP.BINANCE,BUY,1.0,58647.9,29.32395,nautilus
1723454700000000000,2024-08-12T09:25:00+00:00,BTCUSDT-PERP.BINANCE,SELL,1.0,58283.0,29.1415,nautilus
1723458300000000000,2024-08-12T10:25:00+00:00,BTCUSDT-PERP.BINANCE,BUY,1.0,58594.1,29.29705,nautilus
1723470000000000000,2024-08-12T13:40:00+00:00,BTCUSDT-PERP.BINANCE,SELL,1.0,58780.3,29.39015,nautilus
1723473000000000000,2024-08-12T14:30:00+00:00,BTCUSDT-PERP.BINANCE,BUY,1.0,59871.1,29.93555,nautilus
1723480500000000000,2024-08-12T16:35:00+00:00,BTCUSDT-PERP.BINANCE,SELL,1.0,59910.5,29.95525,nautilus
1723481100000000000,2024-08-12T16:45:00+00:00,BTCUSDT-PERP.BINANCE,BUY,1.0,59818.4,29.9092,nautilus
1723502100000000000,2024-08-12T22:35:00+00:00,BTCUSDT-PERP.BINANCE,SELL,1.0,58895.0,29.4475,nautilus
1723504200000000000,2024-08-12T23:10:00+00:00,BTCUSDT-PERP.BINANCE,BUY,1.0,59315.8,29.6579,nautilus
1723552200000000000,2024-08-13T12:30:00+00:00,BTCUSDT-PERP.BINANCE,SELL,1.0,58925.3,29.46265,nautilus
1723552500000000000,2024-08-13T12:35:00+00:00,BTCUSDT-PERP.BINANCE,BUY,1.0,59039.0,29.5195,nautilus
1723576800000000000,2024-08-13T19:20:00+00:00,BTCUSDT-PERP.BINANCE,SELL,1.0,60349.9,30.17495,nautilus
1723578600000000000,2024-08-13T19:50:00+00:00,BTCUSDT-PERP.BINANCE,BUY,1.0,60826.8,30.4134,nautilus
1723581600000000000,2024-08-13T20:40:00+00:00,BTCUSDT-PERP.BINANCE,SELL,1.0,60681.4,30.3407,nautilus
1723584300000000000,2024-08-13T21:25:00+00:00,BTCUSDT-PERP.BINANCE,BUY,1.0,60840.7,30.42035,nautilus
1723587000000000000,2024-08-13T22:10:00+00:00,BTCUSDT-PERP.BINANCE,SELL,1.0,60598.0,30.299,nautilus
1723596000000000000,2024-08-14T00:40:00+00:00,BTCUSDT-PERP.BINANCE,BUY,1.0,60664.0,30.332,nautilus
1723599000000000000,2024-08-14T01:30:00+00:00,BTCUSDT-PERP.BINANCE,SELL,1.0,60651.5,30.32575,nautilus
1723599900000000000,2024-08-14T01:45:00+00:00,BTCUSDT-PERP.BINANCE,BUY,1.0,60571.6,30.2858,nautilus
1723614300000000000,2024-08-14T05:45:00+00:00,BTCUSDT-PERP.BINANCE,SELL,1.0,60846.3,30.42315,nautilus
1723622400000000000,2024-08-14T08:00:00+00:00,BTCUSDT-PERP.BINANCE,BUY,1.0,60793.7,30.39685,nautilus
1723623300000000000,2024-08-14T08:15:00+00:00,BTCUSDT-PERP.BINANCE,SELL,1.0,60637.3,30.31865,nautilus
1723629900000000000,2024-08-14T10:05:00+00:00,BTCUSDT-PERP.BINANCE,BUY,1.0,61038.8,30.5194,nautilus
1723641000000000000,2024-08-14T13:10:00+00:00,BTCUSDT-PERP.BINANCE,SELL,1.0,60754.5,30.37725,nautilus
1723659900000000000,2024-08-14T18:25:00+00:00,BTCUSDT-PERP.BINANCE,BUY,1.0,59212.2,29.6061,nautilus
1723660800000000000,2024-08-14T18:40:00+00:00,BTCUSDT-PERP.BINANCE,SELL,1.0,58888.7,29.44435,nautilus
1723669200000000000,2024-08-14T21:00:00+00:00,BTCUSDT-PERP.BINANCE,BUY,1.0,59074.1,29.53705,nautilus
1723671000000000000,2024-08-14T21:30:00+00:00,BTCUSDT-PERP.BINANCE,SELL,1.0,58898.1,29.44905,nautilus
1723682700000000000,2024-08-15T00:45:00+00:00,BTCUSDT-PERP.BINANCE,BUY,1.0,58968.7,29.48435,nautilus
1723685700000000000,2024-08-15T01:35:00+00:00,BTCUSDT-PERP.BINANCE,SELL,1.0,58748.6,29.3743,nautilus
1723699500000000000,2024-08-15T05:25:00+00:00,BTCUSDT-PERP.BINANCE,BUY,1.0,58509.6,29.2548,nautilus
1723701900000000000,2024-08-15T06:05:00+00:00,BTCUSDT-PERP.BINANCE,SELL,1.0,58320.0,29.16,nautilus
1723711200000000000,2024-08-15T08:40:00+00:00,BTCUSDT-PERP.BINANCE,BUY,1.0,58279.4,29.1397,nautilus
1723741200000000000,2024-08-15T17:00:00+00:00,BTCUSDT-PERP.BINANCE,SELL,1.0,59384.3,29.69215,nautilus
1723758900000000000,2024-08-15T21:55:00+00:00,BTCUSDT-PERP.BINANCE,BUY,1.0,57582.9,28.79145,nautilus
1723767300000000000,2024-08-16T00:15:00+00:00,BTCUSDT-PERP.BINANCE,SELL,1.0,57555.9,28.77795,nautilus
1723773600000000000,2024-08-16T02:00:00+00:00,BTCUSDT-PERP.BINANCE,BUY,1.0,57400.6,28.7003,nautilus
1723799400000000000,2024-08-16T09:10:00+00:00,BTCUSDT-PERP.BINANCE,SELL,1.0,58397.1,29.19855,nautilus
1723800000000000000,2024-08-16T09:20:00+00:00,BTCUSDT-PERP.BINANCE,BUY,1.0,58474.5,29.23725,nautilus
1723803900000000000,2024-08-16T10:25:00+00:00,BTCUSDT-PERP.BINANCE,SELL,1.0,58341.0,29.1705,nautilus
1723807500000000000,2024-08-16T11:25:00+00:00,BTCUSDT-PERP.BINANCE,BUY,1.0,58450.9,29.22545,nautilus
1723810500000000000,2024-08-16T12:15:00+00:00,BTCUSDT-PERP.BINANCE,SELL,1.0,58129.2,29.0646,nautilus
1723814400000000000,2024-08-16T13:20:00+00:00,BTCUSDT-PERP.BINANCE,BUY,1.0,58466.5,29.23325,nautilus
1723817400000000000,2024-08-16T14:10:00+00:00,BTCUSDT-PERP.BINANCE,SELL,1.0,58081.7,29.04085,nautilus
1723825200000000000,2024-08-16T16:20:00+00:00,BTCUSDT-PERP.BINANCE,BUY,1.0,58390.0,29.195,nautilus
1723842600000000000,2024-08-16T21:10:00+00:00,BTCUSDT-PERP.BINANCE,SELL,1.0,59154.3,29.57715,nautilus
1723855800000000000,2024-08-17T00:50:00+00:00,BTCUSDT-PERP.BINANCE,BUY,1.0,59157.2,29.5786,nautilus
1723865100000000000,2024-08-17T03:25:00+00:00,BTCUSDT-PERP.BINANCE,SELL,1.0,58999.1,29.49955,nautilus
1723867800000000000,2024-08-17T04:10:00+00:00,BTCUSDT-PERP.BINANCE,BUY,1.0,59073.7,29.53685,nautilus
1723878300000000000,2024-08-17T07:05:00+00:00,BTCUSDT-PERP.BINANCE,SELL,1.0,59063.4,29.5317,nautilus
1723880100000000000,2024-08-17T07:35:00+00:00,BTCUSDT-PERP.BINANCE,BUY,1.0,59186.4,29.5932,nautilus
1723890300000000000,2024-08-17T10:25:00+00:00,BTCUSDT-PERP.BINANCE,SELL,1.0,59130.0,29.565,nautilus
1723897800000000000,2024-08-17T12:30:00+00:00,BTCUSDT-PERP.BINANCE,BUY,1.0,59226.2,29.6131,nautilus
1723917900000000000,2024-08-17T18:05:00+00:00,BTCUSDT-PERP.BINANCE,SELL,1.0,59354.1,29.67705,nautilus
1723925100000000000,2024-08-17T20:05:00+00:00,BTCUSDT-PERP.BINANCE,BUY,1.0,59465.8,29.7329,nautilus
1723926300000000000,2024-08-17T20:25:00+00:00,BTCUSDT-PERP.BINANCE,SELL,1.0,59355.1,29.67755,nautilus
1723936200000000000,2024-08-17T23:10:00+00:00,BTCUSDT-PERP.BINANCE,BUY,1.0,59361.0,29.6805,nautilus
1723946100000000000,2024-08-18T01:55:00+00:00,BTCUSDT-PERP.BINANCE,SELL,1.0,59407.4,29.7037,nautilus
1723948800000000000,2024-08-18T02:40:00+00:00,BTCUSDT-PERP.BINANCE,BUY,1.0,59635.5,29.81775,nautilus
1723968300000000000,2024-08-18T08:05:00+00:00,BTCUSDT-PERP.BINANCE,SELL,1.0,59473.0,29.7365,nautilus
1723970700000000000,2024-08-18T08:45:00+00:00,BTCUSDT-PERP.BINANCE,BUY,1.0,59656.7,29.82835,nautilus
1723989300000000000,2024-08-18T13:55:00+00:00,BTCUSDT-PERP.BINANCE,SELL,1.0,59794.1,29.89705,nautilus
1723999500000000000,2024-08-18T16:45:00+00:00,BTCUSDT-PERP.BINANCE,BUY,1.0,59909.6,29.9548,nautilus
1724000700000000000,2024-08-18T17:05:00+00:00,BTCUSDT-PERP.BINANCE,SELL,1.0,59701.9,29.85095,nautilus
1724010000000000000,2024-08-18T19:40:00+00:00,BTCUSDT-PERP.BINANCE,BUY,1.0,59699.0,29.8495,nautilus
1724016300000000000,2024-08-18T21:25:00+00:00,BTCUSDT-PERP.BINANCE,SELL,1.0,59647.0,29.8235,nautilus
1724039400000000000,2024-08-19T03:50:00+00:00,BTCUSDT-PERP.BINANCE,BUY,1.0,58680.4,29.3402,nautilus
1724041200000000000,2024-08-19T04:20:00+00:00,BTCUSDT-PERP.BINANCE,SELL,1.0,58509.0,29.2545,nautilus
1724049900000000000,2024-08-19T06:45:00+00:00,BTCUSDT-PERP.BINANCE,BUY,1.0,58629.0,29.3145,nautilus
1724054700000000000,2024-08-19T08:05:00+00:00,BTCUSDT-PERP.BINANCE,SELL,1.0,58555.1,29.27755,nautilus
1724056200000000000,2024-08-19T08:30:00+00:00,BTCUSDT-PERP.BINANCE,BUY,1.0,58613.2,29.3066,nautilus
1724061000000000000,2024-08-19T09:50:00+00:00,BTCUSDT-PERP.BINANCE,SELL,1.0,58028.8,29.0144,nautilus
1724068800000000000,2024-08-19T12:00:00+00:00,BTCUSDT-PERP.BINANCE,BUY,1.0,58358.9,29.17945,nautilus
1724076000000000000,2024-08-19T14:00:00+00:00,BTCUSDT-PERP.BINANCE,SELL,1.0,58264.0,29.132,nautilus
1724079900000000000,2024-08-19T15:05:00+00:00,BTCUSDT-PERP.BINANCE,BUY,1.0,58619.8,29.3099,nautilus
1724085300000000000,2024-08-19T16:35:00+00:00,BTCUSDT-PERP.BINANCE,SELL,1.0,58429.0,29.2145,nautilus
1724087100000000000,2024-08-19T17:05:00+00:00,BTCUSDT-PERP.BINANCE,BUY,1.0,58687.9,29.34395,nautilus
1724106300000000000,2024-08-19T22:25:00+00:00,BTCUSDT-PERP.BINANCE,SELL,1.0,59050.0,29.525,nautilus
1724107200000000000,2024-08-19T22:40:00+00:00,BTCUSDT-PERP.BINANCE,BUY,1.0,59159.9,29.57995,nautilus
1724148900000000000,2024-08-20T10:15:00+00:00,BTCUSDT-PERP.BINANCE,SELL,1.0,60711.3,30.35565,nautilus
1724156700000000000,2024-08-20T12:25:00+00:00,BTCUSDT-PERP.BINANCE,BUY,1.0,60683.9,30.34195,nautilus
1724159400000000000,2024-08-20T13:10:00+00:00,BTCUSDT-PERP.BINANCE,SELL,1.0,60439.4,30.2197,nautilus
1724161500000000000,2024-08-20T13:45:00+00:00,BTCUSDT-PERP.BINANCE,BUY,1.0,60797.1,30.39855,nautilus
1724163300000000000,2024-08-20T14:15:00+00:00,BTCUSDT-PERP.BINANCE,SELL,1.0,60061.0,30.0305,nautilus
1724177400000000000,2024-08-20T18:10:00+00:00,BTCUSDT-PERP.BINANCE,BUY,1.0,59240.6,29.6203,nautilus
1724187900000000000,2024-08-20T21:05:00+00:00,BTCUSDT-PERP.BINANCE,SELL,1.0,59057.9,29.52895,nautilus
1724192400000000000,2024-08-20T22:20:00+00:00,BTCUSDT-PERP.BINANCE,BUY,1.0,59400.0,29.7,nautilus
1724193600000000000,2024-08-20T22:40:00+00:00,BTCUSDT-PERP.BINANCE,SELL,1.0,59297.8,29.6489,nautilus
1724205600000000000,2024-08-21T02:00:00+00:00,BTCUSDT-PERP.BINANCE,BUY,1.0,59260.8,29.6304,nautilus
1724211900000000000,2024-08-21T03:45:00+00:00,BTCUSDT-PERP.BINANCE,SELL,1.0,59203.4,29.6017,nautilus
1724214000000000000,2024-08-21T04:20:00+00:00,BTCUSDT-PERP.BINANCE,BUY,1.0,59305.8,29.6529,nautilus
1724228100000000000,2024-08-21T08:15:00+00:00,BTCUSDT-PERP.BINANCE,SELL,1.0,59357.0,29.6785,nautilus
1724238000000000000,2024-08-21T11:00:00+00:00,BTCUSDT-PERP.BINANCE,BUY,1.0,59448.8,29.7244,nautilus
1724240700000000000,2024-08-21T11:45:00+00:00,BTCUSDT-PERP.BINANCE,SELL,1.0,59306.1,29.65305,nautilus
1724243400000000000,2024-08-21T12:30:00+00:00,BTCUSDT-PERP.BINANCE,BUY,1.0,59526.6,29.7633,nautilus
1724247600000000000,2024-08-21T13:40:00+00:00,BTCUSDT-PERP.BINANCE,SELL,1.0,59002.9,29.50145,nautilus
1724248800000000000,2024-08-21T14:00:00+00:00,BTCUSDT-PERP.BINANCE,BUY,1.0,59885.9,29.94295,nautilus
1724281500000000000,2024-08-21T23:05:00+00:00,BTCUSDT-PERP.BINANCE,SELL,1.0,61180.9,30.59045,nautilus
1724302800000000000,2024-08-22T05:00:00+00:00,BTCUSDT-PERP.BINANCE,BUY,1.0,60668.9,30.33445,nautilus
1724304900000000000,2024-08-22T05:35:00+00:00,BTCUSDT-PERP.BINANCE,SELL,1.0,60674.9,30.33745,nautilus
1724306700000000000,2024-08-22T06:05:00+00:00,BTCUSDT-PERP.BINANCE,BUY,1.0,60890.6,30.4453,nautilus
1724320800000000000,2024-08-22T10:00:00+00:00,BTCUSDT-PERP.BINANCE,SELL,1.0,60834.0,30.417,nautilus
1724321700000000000,2024-08-22T10:15:00+00:00,BTCUSDT-PERP.BINANCE,BUY,1.0,60979.3,30.48965,nautilus
1724329500000000000,2024-08-22T12:25:00+00:00,BTCUSDT-PERP.BINANCE,SELL,1.0,61236.5,30.61825,nautilus
1724351100000000000,2024-08-22T18:25:00+00:00,BTCUSDT-PERP.BINANCE,BUY,1.0,60476.6,30.2383,nautilus
1724354100000000000,2024-08-22T19:15:00+00:00,BTCUSDT-PERP.BINANCE,SELL,1.0,60246.9,30.12345,nautilus
1724357100000000000,2024-08-22T20:05:00+00:00,BTCUSDT-PERP.BINANCE,BUY,1.0,60357.6,30.1788,nautilus
1724384100000000000,2024-08-23T03:35:00+00:00,BTCUSDT-PERP.BINANCE,SELL,1.0,60559.6,30.2798,nautilus
1724386500000000000,2024-08-23T04:15:00+00:00,BTCUSDT-PERP.BINANCE,BUY,1.0,60613.6,30.3068,nautilus
1724406600000000000,2024-08-23T09:50:00+00:00,BTCUSDT-PERP.BINANCE,SELL,1.0,61046.5,30.52325,nautilus
1724417400000000000,2024-08-23T12:50:00+00:00,BTCUSDT-PERP.BINANCE,BUY,1.0,61168.3,30.58415,nautilus
1724456700000000000,2024-08-23T23:45:00+00:00,BTCUSDT-PERP.BINANCE,SELL,1.0,63965.2,31.9826,nautilus
1724466000000000000,2024-08-24T02:20:00+00:00,BTCUSDT-PERP.BINANCE,BUY,1.0,63860.0,31.93,nautilus
1724470500000000000,2024-08-24T03:35:00+00:00,BTCUSDT-PERP.BINANCE,SELL,1.0,63785.7,31.89285,nautilus
1724472600000000000,2024-08-24T04:10:00+00:00,BTCUSDT-PERP.BINANCE,BUY,1.0,63943.0,31.9715,nautilus
1724496900000000000,2024-08-24T10:55:00+00:00,BTCUSDT-PERP.BINANCE,SELL,1.0,64099.9,32.04995,nautilus
1724506500000000000,2024-08-24T13:35:00+00:00,BTCUSDT-PERP.BINANCE,BUY,1.0,64151.5,32.07575,nautilus
1724533500000000000,2024-08-24T21:05:00+00:00,BTCUSDT-PERP.BINANCE,SELL,1.0,63942.6,31.9713,nautilus
1724543700000000000,2024-08-24T23:55:00+00:00,BTCUSDT-PERP.BINANCE,BUY,1.0,64116.5,32.05825,nautilus
1724550300000000000,2024-08-25T01:45:00+00:00,BTCUSDT-PERP.BINANCE,SELL,1.0,64106.4,32.0532,nautilus
1724553000000000000,2024-08-25T02:30:00+00:00,BTCUSDT-PERP.BINANCE,BUY,1.0,64238.4,32.1192,nautilus
1724555100000000000,2024-08-25T03:05:00+00:00,BTCUSDT-PERP.BINANCE,SELL,1.0,64126.9,32.06345,nautilus
1724561400000000000,2024-08-25T04:50:00+00:00,BTCUSDT-PERP.BINANCE,BUY,1.0,64094.0,32.047,nautilus
1724565300000000000,2024-08-25T05:55:00+00:00,BTCUSDT-PERP.BINANCE,SELL,1.0,64110.4,32.0552,nautilus
1724583900000000000,2024-08-25T11:05:00+00:00,BTCUSDT-PERP.BINANCE,BUY,1.0,63922.4,31.9612,nautilus
1724588400000000000,2024-08-25T12:20:00+00:00,BTCUSDT-PERP.BINANCE,SELL,1.0,63797.8,31.8989,nautilus
1724590500000000000,2024-08-25T12:55:00+00:00,BTCUSDT-PERP.BINANCE,BUY,1.0,63901.4,31.9507,nautilus
1724604000000000000,2024-08-25T16:40:00+00:00,BTCUSDT-PERP.BINANCE,SELL,1.0,64006.5,32.00325,nautilus
1724608500000000000,2024-08-25T17:55:00+00:00,BTCUSDT-PERP.BINANCE,BUY,1.0,64112.8,32.0564,nautilus
1724609400000000000,2024-08-25T18:10:00+00:00,BTCUSDT-PERP.BINANCE,SELL,1.0,64054.7,32.02735,nautilus
1724611200000000000,2024-08-25T18:40:00+00:00,BTCUSDT-PERP.BINANCE,BUY,1.0,64222.9,32.11145,nautilus
1724618100000000000,2024-08-25T20:35:00+00:00,BTCUSDT-PERP.BINANCE,SELL,1.0,64126.6,32.0633,nautilus
1724619000000000000,2024-08-25T20:50:00+00:00,BTCUSDT-PERP.BINANCE,BUY,1.0,64202.6,32.1013,nautilus
1724631000000000000,2024-08-26T00:10:00+00:00,BTCUSDT-PERP.BINANCE,SELL,1.0,64102.4,32.0512,nautilus
1724642700000000000,2024-08-26T03:25:00+00:00,BTCUSDT-PERP.BINANCE,BUY,1.0,64065.7,32.03285,nautilus
1724645700000000000,2024-08-26T04:15:00+00:00,BTCUSDT-PERP.BINANCE,SELL,1.0,64136.1,32.06805,nautilus
1724666700000000000,2024-08-26T10:05:00+00:00,BTCUSDT-PERP.BINANCE,BUY,1.0,63914.0,31.957,nautilus
1724670300000000000,2024-08-26T11:05:00+00:00,BTCUSDT-PERP.BINANCE,SELL,1.0,63783.3,31.89165,nautilus
1724671800000000000,2024-08-26T11:30:00+00:00,BTCUSDT-PERP.BINANCE,BUY,1.0,63941.3,31.97065,nautilus
1724675100000000000,2024-08-26T12:25:00+00:00,BTCUSDT-PERP.BINANCE,SELL,1.0,63752.8,31.8764,nautilus
1724690400000000000,2024-08-26T16:40:00+00:00,BTCUSDT-PERP.BINANCE,BUY,1.0,63723.1,31.86155,nautilus
1724694300000000000,2024-08-26T17:45:00+00:00,BTCUSDT-PERP.BINANCE,SELL,1.0,63287.1,31.64355,nautilus
1724698200000000000,2024-08-26T18:50:00+00:00,BTCUSDT-PERP.BINANCE,BUY,1.0,63580.0,31.79,nautilus
1724699100000000000,2024-08-26T19:05:00+00:00,BTCUSDT-PERP.BINANCE,SELL,1.0,63490.8,31.7454,nautilus
1724705700000000000,2024-08-26T20:55:00+00:00,BTCUSDT-PERP.BINANCE,BUY,1.0,63384.9,31.69245,nautilus
1724706300000000000,2024-08-26T21:05:00+00:00,BTCUSDT-PERP.BINANCE,SELL,1.0,63278.0,31.639,nautilus
1724721900000000000,2024-08-27T01:25:00+00:00,BTCUSDT-PERP.BINANCE,BUY,1.0,63114.6,31.5573,nautilus
1724726700000000000,2024-08-27T02:45:00+00:00,BTCUSDT-PERP.BINANCE,SELL,1.0,62872.8,31.4364,nautilus
1724733900000000000,2024-08-27T04:45:00+00:00,BTCUSDT-PERP.BINANCE,BUY,1.0,63059.2,31.5296,nautilus
1724739900000000000,2024-08-27T06:25:00+00:00,BTCUSDT-PERP.BINANCE,SELL,1.0,62909.3,31.45465,nautilus
1724750700000000000,2024-08-27T09:25:00+00:00,BTCUSDT-PERP.BINANCE,BUY,1.0,62884.1,31.44205,nautilus
1724752800000000000,2024-08-27T10:00:00+00:00,BTCUSDT-PERP.BINANCE,SELL,1.0,62549.0,31.2745,nautilus
1724781900000000000,2024-08-27T18:05:00+00:00,BTCUSDT-PERP.BINANCE,BUY,1.0,61889.0,30.9445,nautilus
1724789400000000000,2024-08-27T20:10:00+00:00,BTCUSDT-PERP.BINANCE,SELL,1.0,61898.5,30.94925,nautilus
1724814900000000000,2024-08-28T03:15:00+00:00,BTCUSDT-PERP.BINANCE,BUY,1.0,59470.6,29.7353,nautilus
1724820600000000000,2024-08-28T04:50:00+00:00,BTCUSDT-PERP.BINANCE,SELL,1.0,59349.5,29.67475,nautilus
1724834100000000000,2024-08-28T08:35:00+00:00,BTCUSDT-PERP.BINANCE,BUY,1.0,59152.0,29.576,nautilus
1724850600000000000,2024-08-28T13:10:00+00:00,BTCUSDT-PERP.BINANCE,SELL,1.0,59797.8,29.8989,nautilus
1724865000000000000,2024-08-28T17:10:00+00:00,BTCUSDT-PERP.BINANCE,BUY,1.0,59003.9,29.50195,nautilus
1724883000000000000,2024-08-28T22:10:00+00:00,BTCUSDT-PERP.BINANCE,SELL,1.0,58959.0,29.4795,nautilus
1724891100000000000,2024-08-29T00:25:00+00:00,BTCUSDT-PERP.BINANCE,BUY,1.0,59041.0,29.5205,nautilus
1724895000000000000,2024-08-29T01:30:00+00:00,BTCUSDT-PERP.BINANCE,SELL,1.0,58936.5,29.46825,nautilus
1724898000000000000,2024-08-29T02:20:00+00:00,BTCUSDT-PERP.BINANCE,BUY,1.0,59092.7,29.54635,nautilus
1724901300000000000,2024-08-29T03:15:00+00:00,BTCUSDT-PERP.BINANCE,SELL,1.0,59035.0,29.5175,nautilus
1724903400000000000,2024-08-29T03:50:00+00:00,BTCUSDT-PERP.BINANCE,BUY,1.0,59107.0,29.5535,nautilus
1724906100000000000,2024-08-29T04:35:00+00:00,BTCUSDT-PERP.BINANCE,SELL,1.0,59139.6,29.5698,nautilus
1724922300000000000,2024-08-29T09:05:00+00:00,BTCUSDT-PERP.BINANCE,BUY,1.0,59631.4,29.8157,nautilus
1724949900000000000,2024-08-29T16:45:00+00:00,BTCUSDT-PERP.BINANCE,SELL,1.0,60233.7,30.11685,nautilus
